{"stats":{"minecraft:dropped":{"minecraft:iron_ingot":3,"minecraft:bread":25,"minecraft:hay_block":1,"minecraft:pumpkin":1},"minecraft:used":{"minecraft:wheat_seeds":3,"minecraft:water_bucket":70,"minecraft:stone_sword":34,"minecraft:flint_and_steel":3,"minecraft:stone_pickaxe":209,"minecraft:oak_planks":10,"minecraft:wooden_pickaxe":8,"minecraft:shield":17,"minecraft:iron_chestplate":1,"minecraft:dirt":32,"minecraft:crafting_table":4,"minecraft:oak_stairs":1,"minecraft:bread":24,"minecraft:iron_pickaxe":120,"minecraft:gravel":11,"minecraft:stone_axe":67,"minecraft:cobblestone":5,"minecraft:hay_block":6,"minecraft:furnace":1,"minecraft:bucket":71,"minecraft:cobbled_deepslate":10},"minecraft:crafted":{"minecraft:oak_planks":24,"minecraft:crafting_table":1,"minecraft:wooden_pickaxe":1,"minecraft:iron_helmet":1,"minecraft:furnace":1,"minecraft:copper_ingot":8,"minecraft:bucket":1,"minecraft:stone_axe":1,"minecraft:bread":105,"minecraft:air":0,"minecraft:flint_and_steel":1,"minecraft:iron_boots":1,"minecraft:iron_chestplate":3,"minecraft:shield":1,"minecraft:iron_axe":1,"minecraft:stick":12,"minecraft:iron_ingot":131,"minecraft:iron_pickaxe":1,"minecraft:stone_pickaxe":2,"minecraft:stone_sword":1,"minecraft:iron_leggings":1,"minecraft:torch":24,"minecraft:wheat":306},"minecraft:picked_up":{"minecraft:crafting_table":4,"minecraft:wheat":3,"minecraft:oak_stairs":2,"minecraft:flint":1,"minecraft:oak_log":6,"minecraft:cornflower":1,"minecraft:dirt":34,"minecraft:string":1,"minecraft:bone":1,"minecraft:wheat_seeds":13,"minecraft:cobbled_deepslate":24,"minecraft:iron_ingot":3,"minecraft:oak_planks":10,"minecraft:furnace":1,"minecraft:raw_iron":210,"minecraft:pumpkin":19,"minecraft:gravel":21,"minecraft:redstone":3,"minecraft:rotten_flesh":3,"minecraft:hay_block":41,"minecraft:saddle":1,"minecraft:emerald":7,"minecraft:oak_sapling":1,"minecraft:mutton":1,"minecraft:coal":45,"minecraft:white_wool":1,"minecraft:cobblestone":39,"minecraft:ender_pearl":1},"minecraft:killed_by":{"minecraft:skeleton":1},"minecraft:mined":{"minecraft:crafting_table":4,"minecraft:short_grass":8,"minecraft:emerald_ore":7,"minecraft:grass_block":9,"minecraft:tall_grass":1,"minecraft:oak_planks":10,"minecraft:hay_block":41,"minecraft:furnace":1,"minecraft:wheat":3,"minecraft:iron_ore":207,"minecraft:cobbled_deepslate":2,"minecraft:fire":1,"minecraft:pumpkin":18,"minecraft:vine":1,"minecraft:oak_log":6,"minecraft:coal_ore":45,"minecraft:deepslate_iron_ore":5,"minecraft:dirt_path":2,"minecraft:oak_stairs":2,"minecraft:gravel":22,"minecraft:dirt":23,"minecraft:stone":41,"minecraft:oak_leaves":6,"minecraft:deepslate":16},"minecraft:killed":{"minecraft:spider":2,"minecraft:sheep":1,"minecraft:skeleton":1,"minecraft:zombie":4,"minecraft:enderman":1},"minecraft:broken":{"minecraft:stone_pickaxe":1},"minecraft:custom":{"minecraft:interact_with_furnace":1,"minecraft:mob_kills":10,"minecraft:interact_with_crafting_table":19,"minecraft:leave_game":6,"minecraft:time_since_death":46460,"minecraft:sleep_in_bed":4,"minecraft:climb_one_cm":694,"minecraft:time_since_rest":17769,"minecraft:sprint_one_cm":213204,"minecraft:damage_taken":1482,"minecraft:walk_one_cm":289941,"minecraft:damage_blocked_by_shield":487,"minecraft:drop":30,"minecraft:damage_dealt":1868,"minecraft:swim_one_cm":12559,"minecraft:fly_one_cm":152958,"minecraft:open_chest":36,"minecraft:crouch_one_cm":11529,"minecraft:play_time":138730,"minecraft:sneak_time":7370,"minecraft:deaths":1,"minecraft:walk_under_water_one_cm":27508,"minecraft:jump":1958,"minecraft:interact_with_blast_furnace":8,"minecraft:walk_on_water_one_cm":33098,"minecraft:interact_with_smoker":1,"minecraft:total_world_time":138730,"minecraft:fall_one_cm":41045}},"DataVersion":3953}