{"stats":{"minecraft:dropped":{"minecraft:water_bucket":1,"minecraft:iron_ingot":3,"minecraft:bread":25,"minecraft:hay_block":1,"minecraft:torch":1,"minecraft:pumpkin":1,"minecraft:iron_pickaxe":1,"minecraft:iron_shovel":1,"minecraft:bone":24},"minecraft:used":{"minecraft:cooked_mutton":6,"minecraft:wheat_seeds":3,"minecraft:water_bucket":178,"minecraft:stone_sword":34,"minecraft:iron_shovel":75,"minecraft:flint_and_steel":3,"minecraft:stone_pickaxe":209,"minecraft:oak_planks":11,"minecraft:wooden_pickaxe":8,"minecraft:shield":17,"minecraft:iron_chestplate":1,"minecraft:torch":18,"minecraft:dirt":75,"minecraft:crafting_table":4,"minecraft:melon_slice":4,"minecraft:iron_axe":10,"minecraft:oak_stairs":1,"minecraft:bread":24,"minecraft:iron_pickaxe":120,"minecraft:gravel":11,"minecraft:stone_axe":67,"minecraft:cobblestone":5,"minecraft:hay_block":6,"minecraft:furnace":1,"minecraft:bucket":179,"minecraft:egg":1,"minecraft:cobbled_deepslate":10},"minecraft:crafted":{"minecraft:oak_planks":24,"minecraft:stone_shovel":2,"minecraft:crafting_table":1,"minecraft:wooden_pickaxe":1,"minecraft:iron_helmet":1,"minecraft:furnace":1,"minecraft:copper_ingot":8,"minecraft:bucket":1,"minecraft:stone_axe":1,"minecraft:cooked_mutton":6,"minecraft:bread":105,"minecraft:air":0,"minecraft:flint_and_steel":1,"minecraft:iron_boots":1,"minecraft:iron_chestplate":3,"minecraft:shield":1,"minecraft:iron_axe":1,"minecraft:stick":12,"minecraft:iron_ingot":131,"minecraft:iron_pickaxe":1,"minecraft:stone_pickaxe":2,"minecraft:stone_sword":1,"minecraft:iron_leggings":1,"minecraft:torch":24,"minecraft:wheat":306},"minecraft:picked_up":{"minecraft:crafting_table":4,"minecraft:wheat":3,"minecraft:water_bucket":1,"minecraft:leather":1,"minecraft:oak_stairs":2,"minecraft:flint":1,"minecraft:oak_log":6,"minecraft:dirt":134,"minecraft:cornflower":1,"minecraft:string":1,"minecraft:iron_shovel":1,"minecraft:bone":25,"minecraft:wheat_seeds":128,"minecraft:cobbled_deepslate":24,"minecraft:beef":2,"minecraft:iron_ingot":3,"minecraft:poppy":10,"minecraft:iron_pickaxe":1,"minecraft:melon_slice":30,"minecraft:oak_planks":11,"minecraft:egg":2,"minecraft:furnace":1,"minecraft:stick":10,"minecraft:raw_iron":210,"minecraft:pumpkin":19,"minecraft:torch":2,"minecraft:dandelion":8,"minecraft:gravel":21,"minecraft:redstone":3,"minecraft:rotten_flesh":3,"minecraft:hay_block":41,"minecraft:saddle":1,"minecraft:emerald":7,"minecraft:oak_sapling":3,"minecraft:mutton":9,"minecraft:coal":45,"minecraft:white_wool":7,"minecraft:cobblestone":39,"minecraft:ender_pearl":1},"minecraft:killed_by":{"minecraft:skeleton":1},"minecraft:mined":{"minecraft:dandelion":1,"minecraft:crafting_table":4,"minecraft:short_grass":127,"minecraft:emerald_ore":7,"minecraft:grass_block":71,"minecraft:tall_grass":1,"minecraft:oak_planks":11,"minecraft:hay_block":41,"minecraft:furnace":1,"minecraft:wheat":3,"minecraft:iron_ore":207,"minecraft:cobbled_deepslate":2,"minecraft:fire":1,"minecraft:pumpkin":18,"minecraft:oak_log":6,"minecraft:coal_ore":45,"minecraft:deepslate_iron_ore":5,"minecraft:dirt_path":2,"minecraft:vine":1,"minecraft:oak_stairs":2,"minecraft:gravel":22,"minecraft:dirt":45,"minecraft:stone":41,"minecraft:fern":10,"minecraft:oak_leaves":6,"minecraft:deepslate":16},"minecraft:killed":{"minecraft:spider":2,"minecraft:sheep":7,"minecraft:skeleton":1,"minecraft:zombie":4,"minecraft:cow":2,"minecraft:enderman":1},"minecraft:broken":{"minecraft:stone_pickaxe":1},"minecraft:custom":{"minecraft:interact_with_furnace":1,"minecraft:mob_kills":18,"minecraft:interact_with_crafting_table":21,"minecraft:leave_game":6,"minecraft:time_since_death":89442,"minecraft:sleep_in_bed":7,"minecraft:climb_one_cm":916,"minecraft:time_since_rest":10638,"minecraft:sprint_one_cm":316992,"minecraft:damage_taken":1622,"minecraft:walk_one_cm":482738,"minecraft:damage_blocked_by_shield":487,"minecraft:drop":58,"minecraft:damage_dealt":2531,"minecraft:swim_one_cm":17124,"minecraft:fly_one_cm":199582,"minecraft:open_chest":50,"minecraft:play_time":181712,"minecraft:crouch_one_cm":14533,"minecraft:sneak_time":8472,"minecraft:deaths":1,"minecraft:walk_under_water_one_cm":36599,"minecraft:jump":2460,"minecraft:interact_with_blast_furnace":9,"minecraft:walk_on_water_one_cm":64147,"minecraft:interact_with_smoker":5,"minecraft:total_world_time":181712,"minecraft:fall_one_cm":49867}},"DataVersion":3953}