{"stats":{"minecraft:custom":{"minecraft:mob_kills":74,"minecraft:interact_with_crafting_table":44,"minecraft:bell_ring":1,"minecraft:leave_game":16,"minecraft:time_since_death":1128,"minecraft:climb_one_cm":4060,"minecraft:sprint_one_cm":1323986,"minecraft:walk_one_cm":1390237,"minecraft:damage_blocked_by_shield":1092,"minecraft:drop":157,"minecraft:play_time":559260,"minecraft:sneak_time":29225,"minecraft:deaths":6,"minecraft:walk_under_water_one_cm":99514,"minecraft:boat_one_cm":934575,"minecraft:jump":7020,"minecraft:interact_with_blast_furnace":11,"minecraft:walk_on_water_one_cm":140868,"minecraft:total_world_time":559260,"minecraft:interact_with_furnace":25,"minecraft:sleep_in_bed":38,"minecraft:time_since_rest":643,"minecraft:damage_taken":4592,"minecraft:damage_dealt":9168,"minecraft:player_kills":1,"minecraft:swim_one_cm":187950,"minecraft:fly_one_cm":696929,"minecraft:open_chest":191,"minecraft:crouch_one_cm":58510,"minecraft:interact_with_smoker":14,"minecraft:fall_one_cm":130415,"minecraft:horse_one_cm":170592},"minecraft:crafted":{"minecraft:oak_door":3,"minecraft:oak_planks":32,"minecraft:stone_shovel":2,"minecraft:furnace":2,"minecraft:jungle_trapdoor":4,"minecraft:white_carpet":3,"minecraft:cooked_mutton":6,"minecraft:flint_and_steel":1,"minecraft:iron_boots":1,"minecraft:iron_axe":2,"minecraft:stone_pickaxe":2,"minecraft:oak_fence":3,"minecraft:wheat":306,"minecraft:cooked_beef":1,"minecraft:crafting_table":3,"minecraft:wooden_pickaxe":1,"minecraft:iron_helmet":1,"minecraft:copper_ingot":8,"minecraft:bucket":3,"minecraft:stone_axe":1,"minecraft:bread":105,"minecraft:acacia_boat":1,"minecraft:air":0,"minecraft:blue_dye":1,"minecraft:white_wool":2,"minecraft:iron_chestplate":3,"minecraft:shield":3,"minecraft:stick":16,"minecraft:iron_ingot":175,"minecraft:iron_pickaxe":2,"minecraft:stone_sword":1,"minecraft:iron_shovel":1,"minecraft:iron_leggings":1,"minecraft:acacia_planks":16,"minecraft:torch":24},"minecraft:picked_up":{"minecraft:crafting_table":6,"minecraft:iron_chestplate":4,"minecraft:allium":1,"minecraft:wheat":4,"minecraft:ominous_bottle":1,"minecraft:chicken":4,"minecraft:flower_pot":1,"minecraft:lead":4,"minecraft:wooden_pickaxe":2,"minecraft:oak_stairs":8,"minecraft:brewing_stand":1,"minecraft:shield":2,"minecraft:cornflower":14,"minecraft:music_disc_cat":1,"minecraft:jungle_trapdoor":1,"minecraft:string":9,"minecraft:raw_copper":31,"minecraft:iron_axe":5,"minecraft:white_carpet":7,"minecraft:iron_shovel":4,"minecraft:blackstone":4,"minecraft:gold_nugget":4,"minecraft:cobbled_deepslate":32,"minecraft:beef":37,"minecraft:oak_boat":8,"minecraft:calcite":5,"minecraft:poppy":37,"minecraft:iron_pickaxe":7,"minecraft:melon_slice":239,"minecraft:chest":5,"minecraft:furnace":3,"minecraft:egg":11,"minecraft:stick":31,"minecraft:raw_iron":290,"minecraft:oak_door":2,"minecraft:copper_ingot":8,"minecraft:torch":12,"minecraft:acacia_log":4,"minecraft:porkchop":5,"minecraft:cherry_log":55,"minecraft:redstone":3,"minecraft:stone_sword":1,"minecraft:arrow":5,"minecraft:rotten_flesh":10,"minecraft:stone_shovel":2,"minecraft:nether_bricks":26,"minecraft:hay_block":53,"minecraft:saddle":1,"minecraft:obsidian":4,"minecraft:mutton":31,"minecraft:snowball":94,"minecraft:cobblestone":130,"minecraft:white_wool":18,"minecraft:oxeye_daisy":4,"minecraft:basalt":5,"minecraft:pink_petals":59,"minecraft:feather":11,"minecraft:cooked_beef":5,"minecraft:cherry_planks":30,"minecraft:water_bucket":5,"minecraft:salmon":5,"minecraft:cut_sandstone":1,"minecraft:leather":21,"minecraft:golden_leggings":2,"minecraft:smoker":1,"minecraft:filled_map":1,"minecraft:flint":1,"minecraft:smooth_sandstone_stairs":2,"minecraft:oak_log":14,"minecraft:yellow_bed":3,"minecraft:acacia_boat":3,"minecraft:map":1,"minecraft:lapis_lazuli":19,"minecraft:dirt":1372,"minecraft:paper":5,"minecraft:white_banner":1,"minecraft:cooked_mutton":1,"minecraft:smooth_sandstone":5,"minecraft:bone":45,"minecraft:apple":1,"minecraft:stonecutter":1,"minecraft:kelp":116,"minecraft:bow":2,"minecraft:wheat_seeds":313,"minecraft:iron_ingot":144,"minecraft:oak_planks":31,"minecraft:pumpkin":46,"minecraft:poisonous_potato":3,"minecraft:dandelion":48,"minecraft:gravel":30,"minecraft:lava_bucket":11,"minecraft:sand":188,"minecraft:ink_sac":1,"minecraft:blast_furnace":1,"minecraft:grass_block":1,"minecraft:white_bed":5,"minecraft:dead_bush":1,"minecraft:spider_eye":6,"minecraft:granite":20,"minecraft:cherry_sapling":16,"minecraft:gray_wool":1,"minecraft:emerald":7,"minecraft:bread":24,"minecraft:oak_sapling":8,"minecraft:melon_seeds":19,"minecraft:black_wool":1,"minecraft:coal":45,"minecraft:ender_pearl":2},"minecraft:broken":{"minecraft:iron_shovel":1,"minecraft:stone_pickaxe":1,"minecraft:iron_axe":1,"minecraft:stone_shovel":2},"minecraft:mined":{"minecraft:white_bed":5,"minecraft:farmland":28,"minecraft:oak_door":2,"minecraft:cherry_log":55,"minecraft:brewing_stand":1,"minecraft:nether_bricks":27,"minecraft:potted_dead_bush":1,"minecraft:granite":3,"minecraft:acacia_log":4,"minecraft:grass_block":291,"minecraft:kelp":6,"minecraft:oxeye_daisy":3,"minecraft:hay_block":53,"minecraft:tall_seagrass":8,"minecraft:furnace":3,"minecraft:iron_ore":249,"minecraft:cobbled_deepslate":2,"minecraft:fire":6,"minecraft:snow":2,"minecraft:pumpkin":18,"minecraft:dirt_path":9,"minecraft:vine":3,"minecraft:deepslate_iron_ore":5,"minecraft:oak_stairs":7,"minecraft:smooth_sandstone_stairs":2,"minecraft:stone":73,"minecraft:jungle_trapdoor":1,"minecraft:cut_sandstone":1,"minecraft:glass_pane":1,"minecraft:blackstone":4,"minecraft:kelp_plant":14,"minecraft:snow_block":47,"minecraft:smoker":1,"minecraft:basalt":5,"minecraft:dandelion":7,"minecraft:cornflower":5,"minecraft:smooth_sandstone":2,"minecraft:crafting_table":6,"minecraft:short_grass":205,"minecraft:blast_furnace":1,"minecraft:emerald_ore":7,"minecraft:poppy":3,"minecraft:melon":27,"minecraft:chest":3,"minecraft:tall_grass":11,"minecraft:cobblestone":7,"minecraft:oak_planks":19,"minecraft:pink_petals":23,"minecraft:seagrass":13,"minecraft:wheat":3,"minecraft:white_carpet":3,"minecraft:yellow_bed":3,"minecraft:oak_log":8,"minecraft:coal_ore":45,"minecraft:cherry_leaves":51,"minecraft:gravel":30,"minecraft:sand":137,"minecraft:dirt":175,"minecraft:stonecutter":1,"minecraft:oak_leaves":14,"minecraft:deepslate":16,"minecraft:fern":16},"minecraft:dropped":{"minecraft:water_bucket":4,"minecraft:iron_ingot":3,"minecraft:bread":35,"minecraft:wheat_seeds":1,"minecraft:cobblestone":43,"minecraft:lava_bucket":11,"minecraft:dirt":43,"minecraft:torch":7,"minecraft:cornflower":1,"minecraft:melon_slice":4,"minecraft:pumpkin":1,"minecraft:iron_axe":1,"minecraft:sand":45,"minecraft:iron_pickaxe":1,"minecraft:iron_shovel":1,"minecraft:bone":24,"minecraft:kelp":4,"minecraft:rotten_flesh":2,"minecraft:hay_block":1,"minecraft:oak_boat":2},"minecraft:killed":{"minecraft:spider":3,"minecraft:skeleton":6,"minecraft:bee":2,"minecraft:chicken":2,"minecraft:magma_cube":1,"minecraft:pig":3,"minecraft:zombie_villager":1,"minecraft:salmon":5,"minecraft:sheep":17,"minecraft:pillager":2,"minecraft:zombie":8,"minecraft:blaze":2,"minecraft:enderman":1,"minecraft:cow":20},"minecraft:killed_by":{"minecraft:player":1,"minecraft:creeper":1,"minecraft:skeleton":1,"minecraft:blaze":1,"minecraft:zombie":1},"minecraft:used":{"minecraft:oak_fence":3,"minecraft:cherry_sapling":16,"minecraft:stone_sword":34,"minecraft:iron_shovel":321,"minecraft:flint_and_steel":7,"minecraft:stone_shovel":269,"minecraft:poppy":4,"minecraft:chest":5,"minecraft:shield":39,"minecraft:rotten_flesh":1,"minecraft:iron_chestplate":3,"minecraft:oak_door":2,"minecraft:torch":19,"minecraft:dirt":322,"minecraft:white_carpet":8,"minecraft:nether_bricks":1,"minecraft:allium":1,"minecraft:jungle_trapdoor":5,"minecraft:snowball":94,"minecraft:smooth_sandstone":2,"minecraft:iron_axe":318,"minecraft:oak_stairs":7,"minecraft:bow":5,"minecraft:hay_block":8,"minecraft:oak_sapling":8,"minecraft:furnace":4,"minecraft:egg":9,"minecraft:cooked_beef":5,"minecraft:cobbled_deepslate":10,"minecraft:cherry_log":34,"minecraft:wheat_seeds":3,"minecraft:cooked_mutton":7,"minecraft:water_bucket":234,"minecraft:acacia_boat":2,"minecraft:lead":1,"minecraft:stone_pickaxe":209,"minecraft:oak_planks":23,"minecraft:blackstone":2,"minecraft:wooden_pickaxe":8,"minecraft:sand":28,"minecraft:crafting_table":7,"minecraft:blast_furnace":1,"minecraft:white_bed":2,"minecraft:smoker":1,"minecraft:cornflower":3,"minecraft:oxeye_daisy":2,"minecraft:melon_slice":133,"minecraft:bread":35,"minecraft:map":1,"minecraft:iron_pickaxe":263,"minecraft:gravel":11,"minecraft:stone_axe":67,"minecraft:pink_petals":59,"minecraft:cobblestone":16,"minecraft:bucket":236,"minecraft:yellow_bed":3,"minecraft:oak_boat":5,"minecraft:dandelion":5,"minecraft:kelp":1}},"DataVersion":3953}