{"stats":{"minecraft:mined":{"minecraft:white_bed":2,"minecraft:cherry_log":54,"minecraft:potted_dead_bush":1,"minecraft:granite":3,"minecraft:acacia_log":4,"minecraft:grass_block":243,"minecraft:kelp":6,"minecraft:oxeye_daisy":2,"minecraft:hay_block":43,"minecraft:tall_seagrass":6,"minecraft:furnace":3,"minecraft:iron_ore":249,"minecraft:cobbled_deepslate":2,"minecraft:fire":1,"minecraft:pumpkin":18,"minecraft:deepslate_iron_ore":5,"minecraft:vine":3,"minecraft:dirt_path":2,"minecraft:oak_stairs":7,"minecraft:smooth_sandstone_stairs":2,"minecraft:stone":51,"minecraft:jungle_trapdoor":1,"minecraft:cut_sandstone":1,"minecraft:glass_pane":1,"minecraft:kelp_plant":14,"minecraft:smoker":1,"minecraft:dandelion":6,"minecraft:smooth_sandstone":2,"minecraft:crafting_table":5,"minecraft:cornflower":2,"minecraft:short_grass":199,"minecraft:blast_furnace":1,"minecraft:emerald_ore":7,"minecraft:poppy":2,"minecraft:melon":27,"minecraft:chest":1,"minecraft:tall_grass":10,"minecraft:cobblestone":2,"minecraft:oak_planks":17,"minecraft:pink_petals":22,"minecraft:seagrass":11,"minecraft:wheat":3,"minecraft:white_carpet":3,"minecraft:oak_log":8,"minecraft:coal_ore":45,"minecraft:cherry_leaves":51,"minecraft:gravel":30,"minecraft:sand":137,"minecraft:dirt":112,"minecraft:oak_leaves":14,"minecraft:deepslate":16,"minecraft:fern":16},"minecraft:crafted":{"minecraft:oak_planks":32,"minecraft:stone_shovel":2,"minecraft:furnace":1,"minecraft:jungle_trapdoor":4,"minecraft:white_carpet":3,"minecraft:cooked_mutton":6,"minecraft:flint_and_steel":1,"minecraft:iron_boots":1,"minecraft:iron_axe":2,"minecraft:stone_pickaxe":2,"minecraft:oak_fence":3,"minecraft:wheat":306,"minecraft:cooked_beef":1,"minecraft:crafting_table":2,"minecraft:iron_helmet":1,"minecraft:wooden_pickaxe":1,"minecraft:copper_ingot":8,"minecraft:bucket":3,"minecraft:stone_axe":1,"minecraft:acacia_boat":1,"minecraft:bread":105,"minecraft:air":0,"minecraft:white_wool":2,"minecraft:iron_chestplate":3,"minecraft:shield":3,"minecraft:stick":16,"minecraft:iron_ingot":175,"minecraft:iron_pickaxe":2,"minecraft:stone_sword":1,"minecraft:iron_shovel":1,"minecraft:iron_leggings":1,"minecraft:acacia_planks":16,"minecraft:torch":24},"minecraft:killed_by":{"minecraft:player":1,"minecraft:creeper":1,"minecraft:skeleton":1},"minecraft:picked_up":{"minecraft:crafting_table":5,"minecraft:iron_chestplate":3,"minecraft:wheat":4,"minecraft:ominous_bottle":1,"minecraft:chicken":2,"minecraft:flower_pot":1,"minecraft:lead":3,"minecraft:wooden_pickaxe":2,"minecraft:oak_stairs":7,"minecraft:shield":2,"minecraft:cornflower":10,"minecraft:music_disc_cat":1,"minecraft:jungle_trapdoor":1,"minecraft:string":8,"minecraft:raw_copper":31,"minecraft:iron_axe":4,"minecraft:white_carpet":7,"minecraft:iron_shovel":3,"minecraft:cobbled_deepslate":32,"minecraft:beef":24,"minecraft:oak_boat":4,"minecraft:calcite":5,"minecraft:poppy":35,"minecraft:iron_pickaxe":6,"minecraft:melon_slice":239,"minecraft:chest":4,"minecraft:furnace":3,"minecraft:egg":11,"minecraft:stick":27,"minecraft:raw_iron":290,"minecraft:copper_ingot":8,"minecraft:torch":11,"minecraft:acacia_log":4,"minecraft:porkchop":5,"minecraft:cherry_log":54,"minecraft:redstone":3,"minecraft:rotten_flesh":9,"minecraft:stone_shovel":2,"minecraft:arrow":4,"minecraft:hay_block":43,"minecraft:saddle":1,"minecraft:mutton":21,"minecraft:cobblestone":101,"minecraft:white_wool":12,"minecraft:oxeye_daisy":3,"minecraft:pink_petals":59,"minecraft:feather":3,"minecraft:water_bucket":4,"minecraft:cut_sandstone":1,"minecraft:leather":13,"minecraft:smoker":1,"minecraft:filled_map":1,"minecraft:flint":1,"minecraft:smooth_sandstone_stairs":2,"minecraft:oak_log":14,"minecraft:acacia_boat":1,"minecraft:lapis_lazuli":19,"minecraft:dirt":1236,"minecraft:white_banner":1,"minecraft:smooth_sandstone":5,"minecraft:bone":43,"minecraft:apple":1,"minecraft:kelp":112,"minecraft:bow":1,"minecraft:wheat_seeds":311,"minecraft:iron_ingot":144,"minecraft:oak_planks":16,"minecraft:pumpkin":46,"minecraft:dandelion":47,"minecraft:gravel":30,"minecraft:lava_bucket":11,"minecraft:sand":188,"minecraft:blast_furnace":1,"minecraft:grass_block":1,"minecraft:white_bed":2,"minecraft:dead_bush":1,"minecraft:spider_eye":6,"minecraft:granite":20,"minecraft:cherry_sapling":16,"minecraft:gray_wool":1,"minecraft:emerald":7,"minecraft:bread":20,"minecraft:black_wool":1,"minecraft:oak_sapling":7,"minecraft:melon_seeds":19,"minecraft:coal":45,"minecraft:ender_pearl":2},"minecraft:custom":{"minecraft:mob_kills":53,"minecraft:interact_with_crafting_table":41,"minecraft:leave_game":15,"minecraft:time_since_death":106505,"minecraft:climb_one_cm":916,"minecraft:sprint_one_cm":893680,"minecraft:walk_one_cm":1036755,"minecraft:damage_blocked_by_shield":937,"minecraft:drop":142,"minecraft:play_time":430070,"minecraft:sneak_time":23150,"minecraft:deaths":4,"minecraft:walk_under_water_one_cm":68220,"minecraft:boat_one_cm":616534,"minecraft:jump":5538,"minecraft:interact_with_blast_furnace":11,"minecraft:walk_on_water_one_cm":109538,"minecraft:total_world_time":430070,"minecraft:interact_with_furnace":22,"minecraft:sleep_in_bed":27,"minecraft:time_since_rest":4305,"minecraft:damage_taken":3513,"minecraft:damage_dealt":6796,"minecraft:player_kills":1,"minecraft:swim_one_cm":141199,"minecraft:fly_one_cm":515582,"minecraft:open_chest":173,"minecraft:crouch_one_cm":42398,"minecraft:interact_with_smoker":14,"minecraft:fall_one_cm":105376,"minecraft:horse_one_cm":167003},"minecraft:broken":{"minecraft:stone_pickaxe":1,"minecraft:iron_axe":1,"minecraft:stone_shovel":2},"minecraft:used":{"minecraft:oak_fence":3,"minecraft:cherry_sapling":16,"minecraft:stone_sword":34,"minecraft:iron_shovel":170,"minecraft:flint_and_steel":3,"minecraft:stone_shovel":269,"minecraft:poppy":2,"minecraft:chest":4,"minecraft:shield":34,"minecraft:iron_chestplate":2,"minecraft:torch":19,"minecraft:dirt":146,"minecraft:white_carpet":8,"minecraft:jungle_trapdoor":5,"minecraft:iron_axe":254,"minecraft:oak_stairs":7,"minecraft:smooth_sandstone":2,"minecraft:hay_block":8,"minecraft:oak_sapling":8,"minecraft:furnace":3,"minecraft:egg":9,"minecraft:cobbled_deepslate":10,"minecraft:cherry_log":34,"minecraft:wheat_seeds":3,"minecraft:cooked_mutton":6,"minecraft:acacia_boat":1,"minecraft:water_bucket":228,"minecraft:stone_pickaxe":209,"minecraft:oak_planks":18,"minecraft:wooden_pickaxe":8,"minecraft:sand":28,"minecraft:crafting_table":5,"minecraft:blast_furnace":1,"minecraft:white_bed":2,"minecraft:smoker":1,"minecraft:cornflower":2,"minecraft:oxeye_daisy":1,"minecraft:bread":24,"minecraft:melon_slice":120,"minecraft:iron_pickaxe":189,"minecraft:gravel":11,"minecraft:stone_axe":67,"minecraft:pink_petals":59,"minecraft:cobblestone":8,"minecraft:bucket":231,"minecraft:oak_boat":2,"minecraft:dandelion":4,"minecraft:kelp":1},"minecraft:dropped":{"minecraft:water_bucket":3,"minecraft:iron_ingot":3,"minecraft:bread":35,"minecraft:cobblestone":43,"minecraft:lava_bucket":11,"minecraft:dirt":1,"minecraft:torch":7,"minecraft:melon_slice":4,"minecraft:pumpkin":1,"minecraft:iron_axe":1,"minecraft:sand":45,"minecraft:iron_pickaxe":1,"minecraft:iron_shovel":1,"minecraft:bone":24,"minecraft:rotten_flesh":2,"minecraft:hay_block":1,"minecraft:oak_boat":2},"minecraft:killed":{"minecraft:spider":2,"minecraft:skeleton":4,"minecraft:bee":2,"minecraft:chicken":2,"minecraft:pig":3,"minecraft:zombie_villager":1,"minecraft:sheep":15,"minecraft:pillager":2,"minecraft:zombie":7,"minecraft:cow":13,"minecraft:enderman":1}},"DataVersion":3953}