{"stats":{"minecraft:custom":{"minecraft:mob_kills":56,"minecraft:interact_with_crafting_table":41,"minecraft:leave_game":16,"minecraft:time_since_death":35711,"minecraft:climb_one_cm":916,"minecraft:sprint_one_cm":1015546,"minecraft:walk_one_cm":1138584,"minecraft:damage_blocked_by_shield":1062,"minecraft:drop":151,"minecraft:play_time":475260,"minecraft:sneak_time":24900,"minecraft:deaths":5,"minecraft:walk_under_water_one_cm":72972,"minecraft:boat_one_cm":616534,"minecraft:jump":5877,"minecraft:interact_with_blast_furnace":11,"minecraft:walk_on_water_one_cm":124967,"minecraft:total_world_time":475260,"minecraft:interact_with_furnace":24,"minecraft:sleep_in_bed":33,"minecraft:time_since_rest":2922,"minecraft:damage_taken":3963,"minecraft:damage_dealt":7688,"minecraft:player_kills":1,"minecraft:swim_one_cm":141199,"minecraft:fly_one_cm":553868,"minecraft:open_chest":184,"minecraft:crouch_one_cm":46657,"minecraft:interact_with_smoker":14,"minecraft:fall_one_cm":110259,"minecraft:horse_one_cm":169264},"minecraft:crafted":{"minecraft:oak_planks":32,"minecraft:stone_shovel":2,"minecraft:furnace":1,"minecraft:jungle_trapdoor":4,"minecraft:white_carpet":3,"minecraft:cooked_mutton":6,"minecraft:flint_and_steel":1,"minecraft:iron_boots":1,"minecraft:iron_axe":2,"minecraft:stone_pickaxe":2,"minecraft:oak_fence":3,"minecraft:wheat":306,"minecraft:cooked_beef":1,"minecraft:crafting_table":2,"minecraft:wooden_pickaxe":1,"minecraft:iron_helmet":1,"minecraft:copper_ingot":8,"minecraft:bucket":3,"minecraft:stone_axe":1,"minecraft:bread":105,"minecraft:acacia_boat":1,"minecraft:air":0,"minecraft:white_wool":2,"minecraft:iron_chestplate":3,"minecraft:shield":3,"minecraft:stick":16,"minecraft:iron_ingot":175,"minecraft:iron_pickaxe":2,"minecraft:stone_sword":1,"minecraft:iron_shovel":1,"minecraft:iron_leggings":1,"minecraft:acacia_planks":16,"minecraft:torch":24},"minecraft:picked_up":{"minecraft:crafting_table":5,"minecraft:iron_chestplate":4,"minecraft:wheat":4,"minecraft:ominous_bottle":1,"minecraft:chicken":2,"minecraft:flower_pot":1,"minecraft:lead":3,"minecraft:wooden_pickaxe":2,"minecraft:oak_stairs":7,"minecraft:shield":2,"minecraft:cornflower":11,"minecraft:music_disc_cat":1,"minecraft:jungle_trapdoor":1,"minecraft:string":9,"minecraft:raw_copper":31,"minecraft:iron_axe":5,"minecraft:white_carpet":7,"minecraft:iron_shovel":4,"minecraft:cobbled_deepslate":32,"minecraft:beef":24,"minecraft:oak_boat":4,"minecraft:calcite":5,"minecraft:poppy":35,"minecraft:iron_pickaxe":7,"minecraft:melon_slice":239,"minecraft:chest":4,"minecraft:furnace":3,"minecraft:egg":11,"minecraft:stick":31,"minecraft:raw_iron":290,"minecraft:copper_ingot":8,"minecraft:torch":12,"minecraft:acacia_log":4,"minecraft:porkchop":5,"minecraft:cherry_log":54,"minecraft:redstone":3,"minecraft:stone_sword":1,"minecraft:arrow":5,"minecraft:rotten_flesh":10,"minecraft:stone_shovel":2,"minecraft:hay_block":43,"minecraft:saddle":1,"minecraft:obsidian":4,"minecraft:mutton":29,"minecraft:cobblestone":101,"minecraft:white_wool":16,"minecraft:oxeye_daisy":3,"minecraft:pink_petals":59,"minecraft:feather":6,"minecraft:cooked_beef":3,"minecraft:cherry_planks":30,"minecraft:water_bucket":4,"minecraft:cut_sandstone":1,"minecraft:leather":13,"minecraft:smoker":1,"minecraft:filled_map":1,"minecraft:flint":1,"minecraft:smooth_sandstone_stairs":2,"minecraft:oak_log":14,"minecraft:acacia_boat":2,"minecraft:lapis_lazuli":19,"minecraft:dirt":1287,"minecraft:white_banner":1,"minecraft:smooth_sandstone":5,"minecraft:bone":45,"minecraft:apple":1,"minecraft:kelp":112,"minecraft:bow":2,"minecraft:wheat_seeds":311,"minecraft:iron_ingot":144,"minecraft:oak_planks":29,"minecraft:pumpkin":46,"minecraft:dandelion":47,"minecraft:gravel":30,"minecraft:lava_bucket":11,"minecraft:sand":188,"minecraft:blast_furnace":1,"minecraft:grass_block":1,"minecraft:white_bed":2,"minecraft:dead_bush":1,"minecraft:spider_eye":6,"minecraft:granite":20,"minecraft:cherry_sapling":16,"minecraft:gray_wool":1,"minecraft:emerald":7,"minecraft:bread":24,"minecraft:oak_sapling":8,"minecraft:melon_seeds":19,"minecraft:black_wool":1,"minecraft:coal":45,"minecraft:ender_pearl":2},"minecraft:broken":{"minecraft:stone_pickaxe":1,"minecraft:iron_axe":1,"minecraft:stone_shovel":2},"minecraft:mined":{"minecraft:white_bed":2,"minecraft:farmland":28,"minecraft:cherry_log":54,"minecraft:potted_dead_bush":1,"minecraft:granite":3,"minecraft:acacia_log":4,"minecraft:grass_block":260,"minecraft:kelp":6,"minecraft:oxeye_daisy":2,"minecraft:hay_block":43,"minecraft:tall_seagrass":6,"minecraft:furnace":3,"minecraft:iron_ore":249,"minecraft:cobbled_deepslate":2,"minecraft:fire":4,"minecraft:pumpkin":18,"minecraft:dirt_path":2,"minecraft:vine":3,"minecraft:deepslate_iron_ore":5,"minecraft:oak_stairs":7,"minecraft:smooth_sandstone_stairs":2,"minecraft:stone":55,"minecraft:jungle_trapdoor":1,"minecraft:cut_sandstone":1,"minecraft:glass_pane":1,"minecraft:kelp_plant":14,"minecraft:smoker":1,"minecraft:dandelion":6,"minecraft:cornflower":2,"minecraft:smooth_sandstone":2,"minecraft:crafting_table":5,"minecraft:short_grass":199,"minecraft:blast_furnace":1,"minecraft:emerald_ore":7,"minecraft:poppy":2,"minecraft:melon":27,"minecraft:chest":1,"minecraft:tall_grass":11,"minecraft:cobblestone":2,"minecraft:oak_planks":17,"minecraft:pink_petals":23,"minecraft:seagrass":11,"minecraft:wheat":3,"minecraft:white_carpet":3,"minecraft:oak_log":8,"minecraft:coal_ore":45,"minecraft:cherry_leaves":51,"minecraft:gravel":30,"minecraft:sand":137,"minecraft:dirt":125,"minecraft:oak_leaves":14,"minecraft:deepslate":16,"minecraft:fern":16},"minecraft:dropped":{"minecraft:water_bucket":3,"minecraft:iron_ingot":3,"minecraft:bread":35,"minecraft:cobblestone":43,"minecraft:lava_bucket":11,"minecraft:dirt":10,"minecraft:torch":7,"minecraft:melon_slice":4,"minecraft:pumpkin":1,"minecraft:iron_axe":1,"minecraft:sand":45,"minecraft:iron_pickaxe":1,"minecraft:iron_shovel":1,"minecraft:bone":24,"minecraft:rotten_flesh":2,"minecraft:hay_block":1,"minecraft:oak_boat":2},"minecraft:killed":{"minecraft:spider":3,"minecraft:skeleton":6,"minecraft:bee":2,"minecraft:chicken":2,"minecraft:pig":3,"minecraft:zombie_villager":1,"minecraft:sheep":15,"minecraft:pillager":2,"minecraft:zombie":7,"minecraft:enderman":1,"minecraft:cow":13},"minecraft:killed_by":{"minecraft:player":1,"minecraft:creeper":1,"minecraft:skeleton":1,"minecraft:zombie":1},"minecraft:used":{"minecraft:oak_fence":3,"minecraft:cherry_sapling":16,"minecraft:stone_sword":34,"minecraft:iron_shovel":204,"minecraft:flint_and_steel":6,"minecraft:stone_shovel":269,"minecraft:poppy":2,"minecraft:chest":4,"minecraft:shield":38,"minecraft:rotten_flesh":1,"minecraft:iron_chestplate":3,"minecraft:torch":19,"minecraft:dirt":246,"minecraft:white_carpet":8,"minecraft:jungle_trapdoor":5,"minecraft:smooth_sandstone":2,"minecraft:iron_axe":268,"minecraft:oak_stairs":7,"minecraft:bow":1,"minecraft:hay_block":8,"minecraft:oak_sapling":8,"minecraft:furnace":3,"minecraft:egg":9,"minecraft:cooked_beef":1,"minecraft:cobbled_deepslate":10,"minecraft:cherry_log":34,"minecraft:wheat_seeds":3,"minecraft:cooked_mutton":6,"minecraft:water_bucket":228,"minecraft:acacia_boat":1,"minecraft:stone_pickaxe":209,"minecraft:oak_planks":18,"minecraft:wooden_pickaxe":8,"minecraft:sand":28,"minecraft:crafting_table":5,"minecraft:blast_furnace":1,"minecraft:white_bed":2,"minecraft:smoker":1,"minecraft:cornflower":2,"minecraft:oxeye_daisy":1,"minecraft:melon_slice":133,"minecraft:bread":24,"minecraft:iron_pickaxe":197,"minecraft:gravel":11,"minecraft:stone_axe":67,"minecraft:pink_petals":59,"minecraft:cobblestone":8,"minecraft:bucket":231,"minecraft:oak_boat":2,"minecraft:dandelion":4,"minecraft:kelp":1}},"DataVersion":3953}