{"stats":{"minecraft:dropped":{"minecraft:water_bucket":2,"minecraft:iron_ingot":3,"minecraft:bread":25,"minecraft:cobblestone":43,"minecraft:lava_bucket":11,"minecraft:torch":7,"minecraft:melon_slice":1,"minecraft:pumpkin":1,"minecraft:sand":45,"minecraft:iron_pickaxe":1,"minecraft:iron_shovel":1,"minecraft:bone":24,"minecraft:hay_block":1},"minecraft:used":{"minecraft:stone_sword":34,"minecraft:iron_shovel":106,"minecraft:flint_and_steel":3,"minecraft:stone_shovel":269,"minecraft:shield":17,"minecraft:iron_chestplate":1,"minecraft:torch":19,"minecraft:dirt":102,"minecraft:jungle_trapdoor":5,"minecraft:iron_axe":76,"minecraft:oak_stairs":7,"minecraft:hay_block":6,"minecraft:furnace":1,"minecraft:egg":3,"minecraft:cobbled_deepslate":10,"minecraft:wheat_seeds":3,"minecraft:cooked_mutton":6,"minecraft:water_bucket":192,"minecraft:stone_pickaxe":209,"minecraft:oak_planks":14,"minecraft:wooden_pickaxe":8,"minecraft:sand":28,"minecraft:crafting_table":4,"minecraft:melon_slice":38,"minecraft:bread":24,"minecraft:iron_pickaxe":178,"minecraft:gravel":11,"minecraft:stone_axe":67,"minecraft:cobblestone":8,"minecraft:bucket":194},"minecraft:crafted":{"minecraft:oak_planks":24,"minecraft:stone_shovel":2,"minecraft:furnace":1,"minecraft:jungle_trapdoor":4,"minecraft:cooked_mutton":6,"minecraft:flint_and_steel":1,"minecraft:iron_boots":1,"minecraft:iron_axe":1,"minecraft:stone_pickaxe":2,"minecraft:wheat":306,"minecraft:cooked_beef":1,"minecraft:crafting_table":1,"minecraft:wooden_pickaxe":1,"minecraft:iron_helmet":1,"minecraft:copper_ingot":8,"minecraft:bucket":2,"minecraft:stone_axe":1,"minecraft:bread":105,"minecraft:air":0,"minecraft:iron_chestplate":3,"minecraft:shield":2,"minecraft:stick":12,"minecraft:iron_ingot":166,"minecraft:iron_pickaxe":2,"minecraft:stone_sword":1,"minecraft:iron_shovel":1,"minecraft:iron_leggings":1,"minecraft:torch":24},"minecraft:picked_up":{"minecraft:iron_chestplate":1,"minecraft:crafting_table":4,"minecraft:wheat":4,"minecraft:oak_stairs":7,"minecraft:cornflower":3,"minecraft:jungle_trapdoor":1,"minecraft:string":1,"minecraft:iron_axe":1,"minecraft:iron_shovel":1,"minecraft:cobbled_deepslate":24,"minecraft:beef":4,"minecraft:poppy":20,"minecraft:iron_pickaxe":2,"minecraft:melon_slice":172,"minecraft:egg":5,"minecraft:furnace":1,"minecraft:stick":18,"minecraft:raw_iron":290,"minecraft:torch":10,"minecraft:redstone":3,"minecraft:rotten_flesh":3,"minecraft:stone_shovel":2,"minecraft:hay_block":41,"minecraft:saddle":1,"minecraft:mutton":11,"minecraft:cobblestone":95,"minecraft:white_wool":8,"minecraft:oxeye_daisy":1,"minecraft:water_bucket":2,"minecraft:leather":2,"minecraft:flint":1,"minecraft:oak_log":6,"minecraft:dirt":353,"minecraft:bone":25,"minecraft:kelp":103,"minecraft:wheat_seeds":253,"minecraft:iron_ingot":5,"minecraft:oak_planks":15,"minecraft:pumpkin":19,"minecraft:dandelion":20,"minecraft:lava_bucket":11,"minecraft:gravel":29,"minecraft:sand":188,"minecraft:granite":7,"minecraft:emerald":7,"minecraft:oak_sapling":7,"minecraft:coal":45,"minecraft:ender_pearl":1},"minecraft:killed_by":{"minecraft:skeleton":1},"minecraft:mined":{"minecraft:granite":3,"minecraft:grass_block":233,"minecraft:kelp":2,"minecraft:hay_block":41,"minecraft:tall_seagrass":6,"minecraft:furnace":1,"minecraft:iron_ore":249,"minecraft:cobbled_deepslate":2,"minecraft:fire":1,"minecraft:pumpkin":18,"minecraft:vine":3,"minecraft:deepslate_iron_ore":5,"minecraft:dirt_path":2,"minecraft:oak_stairs":7,"minecraft:stone":51,"minecraft:jungle_trapdoor":1,"minecraft:glass_pane":1,"minecraft:kelp_plant":14,"minecraft:dandelion":2,"minecraft:crafting_table":4,"minecraft:short_grass":172,"minecraft:emerald_ore":7,"minecraft:melon":27,"minecraft:tall_grass":6,"minecraft:cobblestone":2,"minecraft:oak_planks":16,"minecraft:seagrass":11,"minecraft:wheat":3,"minecraft:oak_log":6,"minecraft:coal_ore":45,"minecraft:gravel":30,"minecraft:sand":137,"minecraft:dirt":47,"minecraft:oak_leaves":10,"minecraft:deepslate":16,"minecraft:fern":16},"minecraft:killed":{"minecraft:spider":2,"minecraft:skeleton":1,"minecraft:sheep":7,"minecraft:zombie":4,"minecraft:cow":2,"minecraft:enderman":1},"minecraft:broken":{"minecraft:stone_pickaxe":1,"minecraft:stone_shovel":2},"minecraft:custom":{"minecraft:mob_kills":18,"minecraft:interact_with_crafting_table":31,"minecraft:leave_game":8,"minecraft:time_since_death":45096,"minecraft:climb_one_cm":916,"minecraft:sprint_one_cm":520542,"minecraft:walk_one_cm":655645,"minecraft:damage_blocked_by_shield":487,"minecraft:drop":123,"minecraft:play_time":264129,"minecraft:deaths":2,"minecraft:sneak_time":12185,"minecraft:walk_under_water_one_cm":56295,"minecraft:jump":3769,"minecraft:interact_with_blast_furnace":9,"minecraft:walk_on_water_one_cm":99279,"minecraft:total_world_time":264129,"minecraft:interact_with_furnace":7,"minecraft:sleep_in_bed":15,"minecraft:time_since_rest":2389,"minecraft:damage_taken":2198,"minecraft:damage_dealt":2541,"minecraft:swim_one_cm":67733,"minecraft:fly_one_cm":339978,"minecraft:open_chest":91,"minecraft:crouch_one_cm":21244,"minecraft:interact_with_smoker":7,"minecraft:fall_one_cm":81375,"minecraft:horse_one_cm":53491}},"DataVersion":3953}