{"stats":{"minecraft:mined":{"minecraft:white_bed":1,"minecraft:cherry_log":15,"minecraft:potted_dead_bush":1,"minecraft:granite":3,"minecraft:grass_block":237,"minecraft:kelp":5,"minecraft:oxeye_daisy":2,"minecraft:hay_block":43,"minecraft:tall_seagrass":6,"minecraft:furnace":3,"minecraft:iron_ore":249,"minecraft:cobbled_deepslate":2,"minecraft:fire":1,"minecraft:pumpkin":18,"minecraft:deepslate_iron_ore":5,"minecraft:vine":3,"minecraft:dirt_path":2,"minecraft:oak_stairs":7,"minecraft:smooth_sandstone_stairs":2,"minecraft:stone":51,"minecraft:jungle_trapdoor":1,"minecraft:cut_sandstone":1,"minecraft:glass_pane":1,"minecraft:kelp_plant":14,"minecraft:smoker":1,"minecraft:dandelion":6,"minecraft:smooth_sandstone":2,"minecraft:crafting_table":4,"minecraft:cornflower":2,"minecraft:short_grass":186,"minecraft:blast_furnace":1,"minecraft:emerald_ore":7,"minecraft:poppy":2,"minecraft:melon":27,"minecraft:chest":1,"minecraft:tall_grass":8,"minecraft:cobblestone":2,"minecraft:oak_planks":17,"minecraft:pink_petals":22,"minecraft:seagrass":11,"minecraft:wheat":3,"minecraft:white_carpet":3,"minecraft:oak_log":8,"minecraft:coal_ore":45,"minecraft:cherry_leaves":42,"minecraft:gravel":30,"minecraft:sand":137,"minecraft:dirt":61,"minecraft:oak_leaves":10,"minecraft:deepslate":16,"minecraft:fern":16},"minecraft:crafted":{"minecraft:oak_planks":32,"minecraft:stone_shovel":2,"minecraft:furnace":1,"minecraft:jungle_trapdoor":4,"minecraft:white_carpet":3,"minecraft:cooked_mutton":6,"minecraft:flint_and_steel":1,"minecraft:iron_boots":1,"minecraft:iron_axe":1,"minecraft:stone_pickaxe":2,"minecraft:oak_fence":3,"minecraft:wheat":306,"minecraft:cooked_beef":1,"minecraft:crafting_table":1,"minecraft:wooden_pickaxe":1,"minecraft:iron_helmet":1,"minecraft:copper_ingot":8,"minecraft:bucket":3,"minecraft:stone_axe":1,"minecraft:bread":105,"minecraft:air":0,"minecraft:white_wool":2,"minecraft:iron_chestplate":3,"minecraft:shield":2,"minecraft:stick":16,"minecraft:iron_ingot":166,"minecraft:iron_pickaxe":2,"minecraft:stone_sword":1,"minecraft:iron_shovel":1,"minecraft:iron_leggings":1,"minecraft:torch":24},"minecraft:killed_by":{"minecraft:player":1,"minecraft:creeper":1,"minecraft:skeleton":1},"minecraft:picked_up":{"minecraft:crafting_table":4,"minecraft:iron_chestplate":3,"minecraft:wheat":4,"minecraft:flower_pot":1,"minecraft:lead":3,"minecraft:wooden_pickaxe":2,"minecraft:oak_stairs":7,"minecraft:shield":2,"minecraft:cornflower":10,"minecraft:music_disc_cat":1,"minecraft:jungle_trapdoor":1,"minecraft:string":8,"minecraft:raw_copper":31,"minecraft:iron_axe":3,"minecraft:white_carpet":7,"minecraft:iron_shovel":3,"minecraft:cobbled_deepslate":32,"minecraft:beef":10,"minecraft:oak_boat":2,"minecraft:calcite":5,"minecraft:poppy":35,"minecraft:iron_pickaxe":6,"minecraft:melon_slice":238,"minecraft:chest":4,"minecraft:furnace":3,"minecraft:egg":5,"minecraft:stick":21,"minecraft:raw_iron":290,"minecraft:copper_ingot":8,"minecraft:torch":11,"minecraft:porkchop":5,"minecraft:cherry_log":15,"minecraft:redstone":3,"minecraft:rotten_flesh":4,"minecraft:stone_shovel":2,"minecraft:arrow":1,"minecraft:hay_block":43,"minecraft:saddle":1,"minecraft:mutton":13,"minecraft:cobblestone":101,"minecraft:white_wool":8,"minecraft:oxeye_daisy":3,"minecraft:pink_petals":59,"minecraft:water_bucket":4,"minecraft:cut_sandstone":1,"minecraft:leather":3,"minecraft:smoker":1,"minecraft:filled_map":1,"minecraft:flint":1,"minecraft:smooth_sandstone_stairs":2,"minecraft:oak_log":14,"minecraft:lapis_lazuli":19,"minecraft:dirt":1180,"minecraft:smooth_sandstone":5,"minecraft:bone":28,"minecraft:kelp":112,"minecraft:wheat_seeds":309,"minecraft:iron_ingot":144,"minecraft:oak_planks":16,"minecraft:pumpkin":46,"minecraft:dandelion":47,"minecraft:gravel":30,"minecraft:lava_bucket":11,"minecraft:sand":188,"minecraft:blast_furnace":1,"minecraft:grass_block":1,"minecraft:white_bed":1,"minecraft:dead_bush":1,"minecraft:spider_eye":5,"minecraft:granite":20,"minecraft:cherry_sapling":5,"minecraft:emerald":7,"minecraft:bread":20,"minecraft:oak_sapling":7,"minecraft:melon_seeds":19,"minecraft:coal":45,"minecraft:ender_pearl":2},"minecraft:custom":{"minecraft:mob_kills":27,"minecraft:interact_with_crafting_table":38,"minecraft:leave_game":13,"minecraft:time_since_death":32550,"minecraft:climb_one_cm":916,"minecraft:sprint_one_cm":700024,"minecraft:walk_one_cm":826593,"minecraft:damage_blocked_by_shield":487,"minecraft:drop":136,"minecraft:play_time":356115,"minecraft:sneak_time":19085,"minecraft:deaths":4,"minecraft:walk_under_water_one_cm":67652,"minecraft:boat_one_cm":354635,"minecraft:jump":4648,"minecraft:interact_with_blast_furnace":11,"minecraft:walk_on_water_one_cm":107741,"minecraft:total_world_time":356115,"minecraft:interact_with_furnace":22,"minecraft:sleep_in_bed":23,"minecraft:time_since_rest":3564,"minecraft:damage_taken":3106,"minecraft:damage_dealt":3823,"minecraft:player_kills":1,"minecraft:swim_one_cm":139071,"minecraft:fly_one_cm":435996,"minecraft:open_chest":161,"minecraft:crouch_one_cm":34311,"minecraft:interact_with_smoker":14,"minecraft:fall_one_cm":95390,"minecraft:horse_one_cm":111714},"minecraft:broken":{"minecraft:stone_pickaxe":1,"minecraft:stone_shovel":2},"minecraft:used":{"minecraft:oak_fence":3,"minecraft:stone_sword":34,"minecraft:iron_shovel":123,"minecraft:flint_and_steel":3,"minecraft:stone_shovel":269,"minecraft:poppy":2,"minecraft:chest":4,"minecraft:shield":17,"minecraft:iron_chestplate":2,"minecraft:torch":19,"minecraft:dirt":110,"minecraft:white_carpet":8,"minecraft:jungle_trapdoor":5,"minecraft:iron_axe":134,"minecraft:oak_stairs":7,"minecraft:smooth_sandstone":2,"minecraft:hay_block":8,"minecraft:furnace":3,"minecraft:egg":3,"minecraft:cobbled_deepslate":10,"minecraft:wheat_seeds":3,"minecraft:cooked_mutton":6,"minecraft:water_bucket":223,"minecraft:stone_pickaxe":209,"minecraft:oak_planks":18,"minecraft:wooden_pickaxe":8,"minecraft:sand":28,"minecraft:crafting_table":4,"minecraft:blast_furnace":1,"minecraft:white_bed":1,"minecraft:smoker":1,"minecraft:cornflower":2,"minecraft:oxeye_daisy":1,"minecraft:bread":24,"minecraft:melon_slice":83,"minecraft:iron_pickaxe":189,"minecraft:gravel":11,"minecraft:stone_axe":67,"minecraft:cobblestone":8,"minecraft:bucket":226,"minecraft:oak_boat":1,"minecraft:dandelion":4,"minecraft:kelp":1},"minecraft:dropped":{"minecraft:water_bucket":3,"minecraft:iron_ingot":3,"minecraft:bread":35,"minecraft:cobblestone":43,"minecraft:lava_bucket":11,"minecraft:torch":7,"minecraft:melon_slice":3,"minecraft:pumpkin":1,"minecraft:sand":45,"minecraft:iron_pickaxe":1,"minecraft:iron_shovel":1,"minecraft:bone":24,"minecraft:hay_block":1},"minecraft:killed":{"minecraft:spider":2,"minecraft:skeleton":1,"minecraft:bee":2,"minecraft:pig":3,"minecraft:zombie_villager":1,"minecraft:sheep":7,"minecraft:zombie":4,"minecraft:cow":5,"minecraft:enderman":1}},"DataVersion":3953}