{"stats":{"minecraft:crafted":{"minecraft:oak_planks":24,"minecraft:crafting_table":1,"minecraft:stick":12,"minecraft:wooden_pickaxe":1,"minecraft:stone_pickaxe":1,"minecraft:stone_sword":1,"minecraft:stone_axe":1,"minecraft:bread":57,"minecraft:wheat":171},"minecraft:dropped":{"minecraft:iron_ingot":3,"minecraft:hay_block":1},"minecraft:mined":{"minecraft:hay_block":24,"minecraft:crafting_table":2,"minecraft:short_grass":2,"minecraft:grass_block":9,"minecraft:oak_log":6,"minecraft:dirt_path":2,"minecraft:oak_stairs":2,"minecraft:dirt":10,"minecraft:tall_grass":1,"minecraft:stone":8,"minecraft:oak_leaves":5},"minecraft:custom":{"minecraft:time_since_rest":7906,"minecraft:sprint_one_cm":56778,"minecraft:damage_taken":260,"minecraft:walk_one_cm":48538,"minecraft:drop":4,"minecraft:damage_dealt":173,"minecraft:interact_with_crafting_table":3,"minecraft:fly_one_cm":39930,"minecraft:crouch_one_cm":1809,"minecraft:play_time":39391,"minecraft:sneak_time":861,"minecraft:jump":396,"minecraft:leave_game":2,"minecraft:time_since_death":39391,"minecraft:sleep_in_bed":2,"minecraft:total_world_time":39391,"minecraft:fall_one_cm":9408},"minecraft:used":{"minecraft:stone_sword":1,"minecraft:oak_stairs":1,"minecraft:bread":4,"minecraft:wooden_pickaxe":8,"minecraft:stone_axe":7,"minecraft:dirt":14,"minecraft:hay_block":4,"minecraft:crafting_table":2},"minecraft:picked_up":{"minecraft:crafting_table":2,"minecraft:oak_stairs":2,"minecraft:oak_log":6,"minecraft:dirt":21,"minecraft:wheat_seeds":1,"minecraft:hay_block":24,"minecraft:iron_ingot":3,"minecraft:oak_sapling":1,"minecraft:cobblestone":8}},"DataVersion":3953}