{"stats":{"minecraft:mined":{"minecraft:oak_stairs":1},"minecraft:custom":{"minecraft:jump":62,"minecraft:time_since_rest":255,"minecraft:crouch_one_cm":49,"minecraft:sprint_one_cm":12217,"minecraft:play_time":15919,"minecraft:time_since_death":15919,"minecraft:walk_one_cm":7556,"minecraft:sleep_in_bed":1,"minecraft:sneak_time":10,"minecraft:total_world_time":15919,"minecraft:fall_one_cm":627,"minecraft:fly_one_cm":10182},"minecraft:used":{"minecraft:oak_stairs":1},"minecraft:picked_up":{"minecraft:oak_stairs":1}},"DataVersion":3953}