{"stats":{"minecraft:dropped":{"minecraft:water_bucket":1,"minecraft:iron_ingot":3,"minecraft:bread":25,"minecraft:hay_block":1,"minecraft:pumpkin":1,"minecraft:iron_pickaxe":1,"minecraft:bone":24},"minecraft:used":{"minecraft:cooked_mutton":5,"minecraft:wheat_seeds":3,"minecraft:water_bucket":160,"minecraft:stone_sword":34,"minecraft:flint_and_steel":3,"minecraft:stone_pickaxe":209,"minecraft:oak_planks":11,"minecraft:wooden_pickaxe":8,"minecraft:shield":17,"minecraft:iron_chestplate":1,"minecraft:dirt":32,"minecraft:crafting_table":4,"minecraft:iron_axe":7,"minecraft:oak_stairs":1,"minecraft:bread":24,"minecraft:iron_pickaxe":120,"minecraft:gravel":11,"minecraft:stone_axe":67,"minecraft:cobblestone":5,"minecraft:hay_block":6,"minecraft:furnace":1,"minecraft:bucket":161,"minecraft:egg":1,"minecraft:cobbled_deepslate":10},"minecraft:crafted":{"minecraft:oak_planks":24,"minecraft:crafting_table":1,"minecraft:wooden_pickaxe":1,"minecraft:iron_helmet":1,"minecraft:furnace":1,"minecraft:copper_ingot":8,"minecraft:bucket":1,"minecraft:stone_axe":1,"minecraft:cooked_mutton":6,"minecraft:bread":105,"minecraft:air":0,"minecraft:flint_and_steel":1,"minecraft:iron_boots":1,"minecraft:iron_chestplate":3,"minecraft:shield":1,"minecraft:iron_axe":1,"minecraft:stick":12,"minecraft:iron_ingot":131,"minecraft:iron_pickaxe":1,"minecraft:stone_pickaxe":2,"minecraft:stone_sword":1,"minecraft:iron_leggings":1,"minecraft:torch":24,"minecraft:wheat":306},"minecraft:picked_up":{"minecraft:crafting_table":4,"minecraft:wheat":3,"minecraft:water_bucket":1,"minecraft:oak_stairs":2,"minecraft:flint":1,"minecraft:oak_log":6,"minecraft:dirt":42,"minecraft:cornflower":1,"minecraft:string":1,"minecraft:bone":25,"minecraft:wheat_seeds":123,"minecraft:cobbled_deepslate":24,"minecraft:iron_ingot":3,"minecraft:poppy":10,"minecraft:iron_pickaxe":1,"minecraft:oak_planks":11,"minecraft:egg":1,"minecraft:furnace":1,"minecraft:raw_iron":210,"minecraft:pumpkin":19,"minecraft:dandelion":8,"minecraft:gravel":21,"minecraft:redstone":3,"minecraft:rotten_flesh":3,"minecraft:hay_block":41,"minecraft:saddle":1,"minecraft:emerald":7,"minecraft:oak_sapling":3,"minecraft:mutton":7,"minecraft:coal":45,"minecraft:white_wool":6,"minecraft:cobblestone":39,"minecraft:ender_pearl":1},"minecraft:killed_by":{"minecraft:skeleton":1},"minecraft:mined":{"minecraft:dandelion":1,"minecraft:crafting_table":4,"minecraft:short_grass":86,"minecraft:emerald_ore":7,"minecraft:grass_block":17,"minecraft:tall_grass":1,"minecraft:oak_planks":11,"minecraft:hay_block":41,"minecraft:furnace":1,"minecraft:wheat":3,"minecraft:iron_ore":207,"minecraft:cobbled_deepslate":2,"minecraft:fire":1,"minecraft:pumpkin":18,"minecraft:oak_log":6,"minecraft:coal_ore":45,"minecraft:deepslate_iron_ore":5,"minecraft:dirt_path":2,"minecraft:vine":1,"minecraft:oak_stairs":2,"minecraft:gravel":22,"minecraft:dirt":24,"minecraft:stone":41,"minecraft:fern":9,"minecraft:oak_leaves":6,"minecraft:deepslate":16},"minecraft:killed":{"minecraft:spider":2,"minecraft:sheep":6,"minecraft:skeleton":1,"minecraft:zombie":4,"minecraft:enderman":1},"minecraft:broken":{"minecraft:stone_pickaxe":1},"minecraft:custom":{"minecraft:interact_with_furnace":1,"minecraft:mob_kills":15,"minecraft:interact_with_crafting_table":19,"minecraft:leave_game":6,"minecraft:time_since_death":77442,"minecraft:sleep_in_bed":6,"minecraft:climb_one_cm":916,"minecraft:time_since_rest":12547,"minecraft:sprint_one_cm":267974,"minecraft:damage_taken":1562,"minecraft:walk_one_cm":437497,"minecraft:damage_blocked_by_shield":487,"minecraft:drop":56,"minecraft:damage_dealt":2278,"minecraft:swim_one_cm":12559,"minecraft:fly_one_cm":174539,"minecraft:open_chest":48,"minecraft:play_time":169712,"minecraft:crouch_one_cm":13874,"minecraft:sneak_time":8237,"minecraft:deaths":1,"minecraft:walk_under_water_one_cm":32528,"minecraft:jump":2284,"minecraft:interact_with_blast_furnace":9,"minecraft:walk_on_water_one_cm":61239,"minecraft:interact_with_smoker":5,"minecraft:total_world_time":169712,"minecraft:fall_one_cm":45186}},"DataVersion":3953}