{"stats":{"minecraft:custom":{"minecraft:mob_kills":69,"minecraft:interact_with_crafting_table":44,"minecraft:bell_ring":1,"minecraft:leave_game":16,"minecraft:time_since_death":83711,"minecraft:climb_one_cm":4060,"minecraft:sprint_one_cm":1196057,"minecraft:walk_one_cm":1269687,"minecraft:damage_blocked_by_shield":1092,"minecraft:drop":156,"minecraft:play_time":523260,"minecraft:sneak_time":25760,"minecraft:deaths":5,"minecraft:walk_under_water_one_cm":95846,"minecraft:boat_one_cm":914104,"minecraft:jump":6648,"minecraft:interact_with_blast_furnace":11,"minecraft:walk_on_water_one_cm":136102,"minecraft:total_world_time":523260,"minecraft:interact_with_furnace":25,"minecraft:sleep_in_bed":35,"minecraft:time_since_rest":8669,"minecraft:damage_taken":4279,"minecraft:damage_dealt":9047,"minecraft:player_kills":1,"minecraft:swim_one_cm":183517,"minecraft:fly_one_cm":657102,"minecraft:open_chest":189,"minecraft:crouch_one_cm":48369,"minecraft:interact_with_smoker":14,"minecraft:fall_one_cm":124764,"minecraft:horse_one_cm":169264},"minecraft:crafted":{"minecraft:oak_door":3,"minecraft:oak_planks":32,"minecraft:stone_shovel":2,"minecraft:furnace":2,"minecraft:jungle_trapdoor":4,"minecraft:white_carpet":3,"minecraft:cooked_mutton":6,"minecraft:flint_and_steel":1,"minecraft:iron_boots":1,"minecraft:iron_axe":2,"minecraft:stone_pickaxe":2,"minecraft:oak_fence":3,"minecraft:wheat":306,"minecraft:cooked_beef":1,"minecraft:crafting_table":3,"minecraft:wooden_pickaxe":1,"minecraft:iron_helmet":1,"minecraft:copper_ingot":8,"minecraft:bucket":3,"minecraft:stone_axe":1,"minecraft:bread":105,"minecraft:acacia_boat":1,"minecraft:air":0,"minecraft:blue_dye":1,"minecraft:white_wool":2,"minecraft:iron_chestplate":3,"minecraft:shield":3,"minecraft:stick":16,"minecraft:iron_ingot":175,"minecraft:iron_pickaxe":2,"minecraft:stone_sword":1,"minecraft:iron_shovel":1,"minecraft:iron_leggings":1,"minecraft:acacia_planks":16,"minecraft:torch":24},"minecraft:picked_up":{"minecraft:crafting_table":6,"minecraft:iron_chestplate":4,"minecraft:wheat":4,"minecraft:ominous_bottle":1,"minecraft:chicken":2,"minecraft:flower_pot":1,"minecraft:lead":4,"minecraft:wooden_pickaxe":2,"minecraft:oak_stairs":7,"minecraft:brewing_stand":1,"minecraft:shield":2,"minecraft:cornflower":13,"minecraft:music_disc_cat":1,"minecraft:jungle_trapdoor":1,"minecraft:string":9,"minecraft:raw_copper":31,"minecraft:iron_axe":5,"minecraft:white_carpet":7,"minecraft:iron_shovel":4,"minecraft:gold_nugget":4,"minecraft:cobbled_deepslate":32,"minecraft:beef":37,"minecraft:oak_boat":5,"minecraft:calcite":5,"minecraft:poppy":35,"minecraft:iron_pickaxe":7,"minecraft:melon_slice":239,"minecraft:chest":5,"minecraft:furnace":3,"minecraft:egg":11,"minecraft:stick":31,"minecraft:raw_iron":290,"minecraft:oak_door":2,"minecraft:copper_ingot":8,"minecraft:torch":12,"minecraft:acacia_log":4,"minecraft:porkchop":5,"minecraft:cherry_log":55,"minecraft:redstone":3,"minecraft:stone_sword":1,"minecraft:arrow":5,"minecraft:rotten_flesh":10,"minecraft:stone_shovel":2,"minecraft:hay_block":53,"minecraft:saddle":1,"minecraft:obsidian":4,"minecraft:mutton":31,"minecraft:cobblestone":127,"minecraft:white_wool":18,"minecraft:oxeye_daisy":3,"minecraft:pink_petals":59,"minecraft:feather":11,"minecraft:cooked_beef":3,"minecraft:cherry_planks":30,"minecraft:water_bucket":5,"minecraft:salmon":3,"minecraft:cut_sandstone":1,"minecraft:leather":21,"minecraft:golden_leggings":2,"minecraft:smoker":1,"minecraft:filled_map":1,"minecraft:flint":1,"minecraft:smooth_sandstone_stairs":2,"minecraft:oak_log":14,"minecraft:acacia_boat":2,"minecraft:map":1,"minecraft:lapis_lazuli":19,"minecraft:dirt":1299,"minecraft:paper":5,"minecraft:white_banner":1,"minecraft:cooked_mutton":1,"minecraft:smooth_sandstone":5,"minecraft:bone":45,"minecraft:apple":1,"minecraft:stonecutter":1,"minecraft:kelp":116,"minecraft:bow":2,"minecraft:wheat_seeds":313,"minecraft:iron_ingot":144,"minecraft:oak_planks":30,"minecraft:pumpkin":46,"minecraft:poisonous_potato":3,"minecraft:dandelion":47,"minecraft:gravel":30,"minecraft:lava_bucket":11,"minecraft:sand":188,"minecraft:blast_furnace":1,"minecraft:grass_block":1,"minecraft:white_bed":2,"minecraft:dead_bush":1,"minecraft:spider_eye":6,"minecraft:granite":20,"minecraft:cherry_sapling":16,"minecraft:gray_wool":1,"minecraft:emerald":7,"minecraft:bread":24,"minecraft:oak_sapling":8,"minecraft:melon_seeds":19,"minecraft:black_wool":1,"minecraft:coal":45,"minecraft:ender_pearl":2},"minecraft:broken":{"minecraft:stone_pickaxe":1,"minecraft:iron_axe":1,"minecraft:stone_shovel":2},"minecraft:mined":{"minecraft:white_bed":2,"minecraft:farmland":28,"minecraft:oak_door":2,"minecraft:cherry_log":55,"minecraft:brewing_stand":1,"minecraft:potted_dead_bush":1,"minecraft:granite":3,"minecraft:acacia_log":4,"minecraft:grass_block":262,"minecraft:kelp":6,"minecraft:oxeye_daisy":2,"minecraft:hay_block":53,"minecraft:tall_seagrass":8,"minecraft:furnace":3,"minecraft:iron_ore":249,"minecraft:cobbled_deepslate":2,"minecraft:fire":4,"minecraft:pumpkin":18,"minecraft:dirt_path":3,"minecraft:vine":3,"minecraft:deepslate_iron_ore":5,"minecraft:oak_stairs":7,"minecraft:smooth_sandstone_stairs":2,"minecraft:stone":73,"minecraft:jungle_trapdoor":1,"minecraft:cut_sandstone":1,"minecraft:glass_pane":1,"minecraft:kelp_plant":14,"minecraft:smoker":1,"minecraft:dandelion":6,"minecraft:cornflower":4,"minecraft:smooth_sandstone":2,"minecraft:crafting_table":6,"minecraft:short_grass":204,"minecraft:blast_furnace":1,"minecraft:emerald_ore":7,"minecraft:poppy":2,"minecraft:melon":27,"minecraft:chest":3,"minecraft:tall_grass":11,"minecraft:cobblestone":3,"minecraft:oak_planks":18,"minecraft:pink_petals":23,"minecraft:seagrass":13,"minecraft:wheat":3,"minecraft:white_carpet":3,"minecraft:oak_log":8,"minecraft:coal_ore":45,"minecraft:cherry_leaves":51,"minecraft:gravel":30,"minecraft:sand":137,"minecraft:dirt":134,"minecraft:stonecutter":1,"minecraft:oak_leaves":14,"minecraft:deepslate":16,"minecraft:fern":16},"minecraft:dropped":{"minecraft:water_bucket":4,"minecraft:iron_ingot":3,"minecraft:bread":35,"minecraft:wheat_seeds":1,"minecraft:cobblestone":43,"minecraft:lava_bucket":11,"minecraft:dirt":10,"minecraft:torch":7,"minecraft:cornflower":1,"minecraft:melon_slice":4,"minecraft:pumpkin":1,"minecraft:iron_axe":1,"minecraft:sand":45,"minecraft:iron_pickaxe":1,"minecraft:iron_shovel":1,"minecraft:bone":24,"minecraft:kelp":4,"minecraft:rotten_flesh":2,"minecraft:hay_block":1,"minecraft:oak_boat":2},"minecraft:killed":{"minecraft:spider":3,"minecraft:skeleton":6,"minecraft:bee":2,"minecraft:chicken":2,"minecraft:pig":3,"minecraft:zombie_villager":1,"minecraft:salmon":3,"minecraft:sheep":17,"minecraft:pillager":2,"minecraft:zombie":8,"minecraft:enderman":1,"minecraft:cow":20},"minecraft:killed_by":{"minecraft:player":1,"minecraft:creeper":1,"minecraft:skeleton":1,"minecraft:zombie":1},"minecraft:used":{"minecraft:oak_fence":3,"minecraft:cherry_sapling":16,"minecraft:stone_sword":34,"minecraft:iron_shovel":204,"minecraft:flint_and_steel":6,"minecraft:stone_shovel":269,"minecraft:poppy":2,"minecraft:chest":5,"minecraft:shield":39,"minecraft:rotten_flesh":1,"minecraft:iron_chestplate":3,"minecraft:oak_door":2,"minecraft:torch":19,"minecraft:dirt":284,"minecraft:white_carpet":8,"minecraft:jungle_trapdoor":5,"minecraft:smooth_sandstone":2,"minecraft:iron_axe":313,"minecraft:oak_stairs":7,"minecraft:bow":2,"minecraft:hay_block":8,"minecraft:oak_sapling":8,"minecraft:furnace":4,"minecraft:egg":9,"minecraft:cooked_beef":3,"minecraft:cobbled_deepslate":10,"minecraft:cherry_log":34,"minecraft:wheat_seeds":3,"minecraft:cooked_mutton":7,"minecraft:water_bucket":232,"minecraft:acacia_boat":2,"minecraft:lead":1,"minecraft:stone_pickaxe":209,"minecraft:oak_planks":19,"minecraft:wooden_pickaxe":8,"minecraft:sand":28,"minecraft:crafting_table":6,"minecraft:blast_furnace":1,"minecraft:white_bed":2,"minecraft:smoker":1,"minecraft:cornflower":2,"minecraft:oxeye_daisy":1,"minecraft:melon_slice":133,"minecraft:bread":31,"minecraft:map":1,"minecraft:iron_pickaxe":220,"minecraft:gravel":11,"minecraft:stone_axe":67,"minecraft:pink_petals":59,"minecraft:cobblestone":13,"minecraft:bucket":235,"minecraft:oak_boat":2,"minecraft:dandelion":4,"minecraft:kelp":1}},"DataVersion":3953}