{"stats":{"minecraft:crafted":{"minecraft:oak_door":3,"minecraft:oak_planks":32,"minecraft:stone_shovel":2,"minecraft:furnace":2,"minecraft:cherry_boat":1,"minecraft:jungle_trapdoor":4,"minecraft:white_carpet":3,"minecraft:cooked_mutton":6,"minecraft:flint_and_steel":1,"minecraft:iron_boots":1,"minecraft:iron_axe":2,"minecraft:stone_pickaxe":2,"minecraft:oak_fence":3,"minecraft:wheat":486,"minecraft:cooked_beef":1,"minecraft:crafting_table":4,"minecraft:wooden_pickaxe":2,"minecraft:iron_helmet":1,"minecraft:copper_ingot":8,"minecraft:bucket":3,"minecraft:stone_axe":1,"minecraft:bread":141,"minecraft:acacia_boat":1,"minecraft:air":0,"minecraft:blue_dye":1,"minecraft:white_wool":2,"minecraft:iron_chestplate":3,"minecraft:shield":3,"minecraft:stick":20,"minecraft:iron_ingot":175,"minecraft:iron_pickaxe":2,"minecraft:stone_sword":1,"minecraft:iron_shovel":1,"minecraft:iron_leggings":1,"minecraft:acacia_planks":16,"minecraft:torch":24},"minecraft:killed":{"minecraft:spider":3,"minecraft:skeleton":6,"minecraft:bee":2,"minecraft:chicken":2,"minecraft:magma_cube":1,"minecraft:pig":3,"minecraft:zombie_villager":1,"minecraft:salmon":5,"minecraft:sheep":17,"minecraft:pillager":6,"minecraft:zombie":9,"minecraft:enderman":1,"minecraft:blaze":2,"minecraft:cow":21},"minecraft:dropped":{"minecraft:water_bucket":4,"minecraft:iron_ingot":3,"minecraft:bread":55,"minecraft:wheat_seeds":1,"minecraft:cobblestone":43,"minecraft:lava_bucket":11,"minecraft:dirt":44,"minecraft:torch":7,"minecraft:cornflower":1,"minecraft:melon_slice":4,"minecraft:pumpkin":1,"minecraft:sand":45,"minecraft:iron_axe":1,"minecraft:iron_pickaxe":1,"minecraft:iron_shovel":1,"minecraft:bone":24,"minecraft:kelp":4,"minecraft:rotten_flesh":2,"minecraft:hay_block":1,"minecraft:oak_boat":2},"minecraft:killed_by":{"minecraft:player":2,"minecraft:creeper":1,"minecraft:skeleton":1,"minecraft:blaze":1,"minecraft:zombie":1},"minecraft:mined":{"minecraft:white_bed":5,"minecraft:farmland":28,"minecraft:oak_door":2,"minecraft:cherry_log":55,"minecraft:brewing_stand":1,"minecraft:nether_bricks":27,"minecraft:potted_dead_bush":1,"minecraft:granite":3,"minecraft:acacia_log":4,"minecraft:grass_block":299,"minecraft:kelp":6,"minecraft:oxeye_daisy":3,"minecraft:hay_block":61,"minecraft:tall_seagrass":8,"minecraft:furnace":3,"minecraft:iron_ore":249,"minecraft:fire":6,"minecraft:cobbled_deepslate":2,"minecraft:snow":2,"minecraft:pumpkin":18,"minecraft:dirt_path":9,"minecraft:vine":3,"minecraft:deepslate_iron_ore":5,"minecraft:oak_stairs":7,"minecraft:smooth_sandstone_stairs":2,"minecraft:stone":89,"minecraft:jungle_trapdoor":1,"minecraft:cut_sandstone":1,"minecraft:glass_pane":1,"minecraft:blackstone":4,"minecraft:kelp_plant":14,"minecraft:snow_block":47,"minecraft:smoker":1,"minecraft:basalt":5,"minecraft:dandelion":7,"minecraft:cornflower":15,"minecraft:smooth_sandstone":2,"minecraft:crafting_table":7,"minecraft:short_grass":364,"minecraft:blast_furnace":1,"minecraft:emerald_ore":7,"minecraft:poppy":3,"minecraft:melon":27,"minecraft:chest":7,"minecraft:tall_grass":15,"minecraft:cobblestone":7,"minecraft:oak_planks":19,"minecraft:pink_petals":23,"minecraft:seagrass":13,"minecraft:wheat":3,"minecraft:white_carpet":3,"minecraft:yellow_bed":3,"minecraft:coal_ore":45,"minecraft:oak_log":11,"minecraft:cherry_leaves":51,"minecraft:gravel":30,"minecraft:sand":137,"minecraft:dirt":185,"minecraft:stonecutter":1,"minecraft:deepslate":16,"minecraft:oak_leaves":21,"minecraft:fern":16},"minecraft:custom":{"minecraft:mob_kills":80,"minecraft:open_barrel":2,"minecraft:interact_with_crafting_table":47,"minecraft:bell_ring":1,"minecraft:leave_game":18,"minecraft:time_since_death":9071,"minecraft:climb_one_cm":4060,"minecraft:sprint_one_cm":1669398,"minecraft:walk_one_cm":1588730,"minecraft:damage_blocked_by_shield":1092,"minecraft:drop":161,"minecraft:play_time":627882,"minecraft:sneak_time":31168,"minecraft:deaths":9,"minecraft:walk_under_water_one_cm":106078,"minecraft:boat_one_cm":1031519,"minecraft:jump":8190,"minecraft:interact_with_blast_furnace":11,"minecraft:walk_on_water_one_cm":146096,"minecraft:total_world_time":627882,"minecraft:interact_with_furnace":25,"minecraft:sleep_in_bed":45,"minecraft:time_since_rest":9106,"minecraft:damage_taken":6153,"minecraft:damage_dealt":10511,"minecraft:player_kills":1,"minecraft:swim_one_cm":219950,"minecraft:fly_one_cm":853270,"minecraft:open_chest":199,"minecraft:crouch_one_cm":62787,"minecraft:fall_one_cm":159401,"minecraft:interact_with_smoker":14,"minecraft:horse_one_cm":179606},"minecraft:used":{"minecraft:oak_fence":3,"minecraft:cherry_boat":1,"minecraft:cherry_sapling":16,"minecraft:stone_sword":34,"minecraft:iron_shovel":321,"minecraft:flint_and_steel":7,"minecraft:stone_shovel":269,"minecraft:poppy":4,"minecraft:chest":7,"minecraft:shield":39,"minecraft:iron_sword":62,"minecraft:rotten_flesh":1,"minecraft:oak_door":2,"minecraft:iron_chestplate":3,"minecraft:torch":19,"minecraft:dirt":371,"minecraft:white_carpet":8,"minecraft:nether_bricks":1,"minecraft:allium":1,"minecraft:jungle_trapdoor":5,"minecraft:snowball":94,"minecraft:bricks":1,"minecraft:smooth_sandstone":2,"minecraft:iron_axe":318,"minecraft:oak_stairs":7,"minecraft:bow":5,"minecraft:hay_block":8,"minecraft:oak_sapling":8,"minecraft:furnace":4,"minecraft:egg":11,"minecraft:cooked_beef":6,"minecraft:cobbled_deepslate":10,"minecraft:cherry_log":34,"minecraft:cooked_mutton":7,"minecraft:wheat_seeds":3,"minecraft:water_bucket":234,"minecraft:acacia_boat":2,"minecraft:lead":1,"minecraft:stone_pickaxe":209,"minecraft:oak_planks":23,"minecraft:blackstone":2,"minecraft:wooden_pickaxe":29,"minecraft:sand":28,"minecraft:crafting_table":8,"minecraft:blast_furnace":1,"minecraft:white_bed":3,"minecraft:smoker":1,"minecraft:cornflower":3,"minecraft:oxeye_daisy":2,"minecraft:melon_slice":133,"minecraft:bread":49,"minecraft:iron_pickaxe":263,"minecraft:map":1,"minecraft:gravel":11,"minecraft:stone_axe":67,"minecraft:pink_petals":59,"minecraft:cobblestone":17,"minecraft:cooked_porkchop":3,"minecraft:bucket":236,"minecraft:yellow_bed":3,"minecraft:oak_boat":5,"minecraft:dandelion":5,"minecraft:kelp":1},"minecraft:picked_up":{"minecraft:iron_chestplate":4,"minecraft:crafting_table":7,"minecraft:wheat":4,"minecraft:allium":1,"minecraft:sentry_armor_trim_smithing_template":2,"minecraft:ominous_bottle":2,"minecraft:chicken":4,"minecraft:flower_pot":1,"minecraft:lead":4,"minecraft:wooden_pickaxe":2,"minecraft:oak_stairs":8,"minecraft:brewing_stand":1,"minecraft:shield":2,"minecraft:cornflower":42,"minecraft:music_disc_cat":1,"minecraft:jungle_trapdoor":1,"minecraft:string":9,"minecraft:raw_copper":31,"minecraft:iron_axe":6,"minecraft:iron_leggings":1,"minecraft:white_carpet":7,"minecraft:iron_shovel":4,"minecraft:experience_bottle":1,"minecraft:blackstone":10,"minecraft:cherry_boat":1,"minecraft:gold_nugget":4,"minecraft:cobbled_deepslate":32,"minecraft:beef":39,"minecraft:oak_boat":8,"minecraft:calcite":5,"minecraft:poppy":37,"minecraft:iron_pickaxe":7,"minecraft:melon_slice":239,"minecraft:chest":10,"minecraft:furnace":3,"minecraft:iron_boots":1,"minecraft:egg":13,"minecraft:stick":37,"minecraft:raw_iron":290,"minecraft:oak_door":2,"minecraft:copper_ingot":8,"minecraft:bowl":1,"minecraft:torch":12,"minecraft:acacia_log":4,"minecraft:porkchop":5,"minecraft:cherry_log":55,"minecraft:carrot":10,"minecraft:redstone":3,"minecraft:stone_sword":1,"minecraft:arrow":17,"minecraft:stone_shovel":2,"minecraft:rotten_flesh":28,"minecraft:nether_bricks":26,"minecraft:hay_block":61,"minecraft:saddle":1,"minecraft:obsidian":4,"minecraft:mutton":31,"minecraft:snowball":94,"minecraft:white_wool":18,"minecraft:cobblestone":146,"minecraft:oxeye_daisy":4,"minecraft:pink_petals":62,"minecraft:cooked_beef":6,"minecraft:feather":12,"minecraft:basalt":5,"minecraft:tripwire_hook":1,"minecraft:cherry_planks":30,"minecraft:water_bucket":5,"minecraft:salmon":5,"minecraft:cut_sandstone":1,"minecraft:leather":23,"minecraft:golden_leggings":3,"minecraft:smoker":1,"minecraft:potato":12,"minecraft:filled_map":1,"minecraft:flint":1,"minecraft:smooth_sandstone_stairs":2,"minecraft:oak_log":17,"minecraft:yellow_bed":3,"minecraft:acacia_boat":3,"minecraft:map":1,"minecraft:lapis_lazuli":19,"minecraft:dirt":1448,"minecraft:paper":5,"minecraft:white_banner":2,"minecraft:cooked_mutton":1,"minecraft:smooth_sandstone":5,"minecraft:bone":45,"minecraft:apple":9,"minecraft:stonecutter":1,"minecraft:kelp":116,"minecraft:bow":3,"minecraft:wheat_seeds":366,"minecraft:iron_ingot":155,"minecraft:iron_sword":1,"minecraft:oak_planks":31,"minecraft:cooked_porkchop":3,"minecraft:pumpkin":46,"minecraft:dandelion":48,"minecraft:poisonous_potato":9,"minecraft:gravel":30,"minecraft:lava_bucket":11,"minecraft:sand":188,"minecraft:blast_furnace":1,"minecraft:ink_sac":1,"minecraft:dead_bush":1,"minecraft:white_bed":6,"minecraft:grass_block":1,"minecraft:dark_oak_log":3,"minecraft:spider_eye":6,"minecraft:iron_helmet":1,"minecraft:crossbow":1,"minecraft:granite":20,"minecraft:cherry_sapling":16,"minecraft:bricks":1,"minecraft:gray_wool":1,"minecraft:emerald":15,"minecraft:bread":47,"minecraft:oak_sapling":14,"minecraft:melon_seeds":19,"minecraft:black_wool":1,"minecraft:coal":45,"minecraft:ender_pearl":2},"minecraft:broken":{"minecraft:iron_shovel":1,"minecraft:stone_pickaxe":1,"minecraft:iron_axe":1,"minecraft:stone_shovel":2}},"DataVersion":3953}