{"stats":{"minecraft:crafted":{"minecraft:oak_planks":32,"minecraft:cherry_boat":2,"minecraft:cooked_mutton":6,"minecraft:iron_boots":1,"minecraft:chest":3,"minecraft:oak_fence":3,"minecraft:crafting_table":4,"minecraft:wooden_pickaxe":2,"minecraft:iron_helmet":1,"minecraft:copper_ingot":8,"minecraft:cherry_chest_boat":1,"minecraft:iron_chestplate":3,"minecraft:shield":4,"minecraft:stick":24,"minecraft:iron_ingot":175,"minecraft:iron_pickaxe":3,"minecraft:stone_sword":1,"minecraft:oak_door":3,"minecraft:stone_shovel":2,"minecraft:furnace":4,"minecraft:jungle_trapdoor":4,"minecraft:white_carpet":3,"minecraft:flint_and_steel":1,"minecraft:iron_axe":3,"minecraft:stone_pickaxe":2,"minecraft:wheat":486,"minecraft:cooked_beef":1,"minecraft:bucket":3,"minecraft:stone_axe":2,"minecraft:acacia_boat":1,"minecraft:bread":151,"minecraft:air":0,"minecraft:blue_dye":1,"minecraft:white_wool":2,"minecraft:iron_shovel":1,"minecraft:iron_leggings":1,"minecraft:acacia_planks":16,"minecraft:torch":24},"minecraft:dropped":{"minecraft:dirt":44,"minecraft:cornflower":1,"minecraft:sand":45,"minecraft:iron_pickaxe":1,"minecraft:cherry_chest_boat":1,"minecraft:bone":24,"minecraft:rotten_flesh":2,"minecraft:water_bucket":4,"minecraft:iron_ingot":3,"minecraft:bread":55,"minecraft:wheat_seeds":1,"minecraft:cobblestone":43,"minecraft:lava_bucket":11,"minecraft:torch":7,"minecraft:melon_slice":4,"minecraft:pumpkin":1,"minecraft:iron_axe":1,"minecraft:iron_shovel":1,"minecraft:kelp":6,"minecraft:hay_block":1,"minecraft:oak_boat":2},"minecraft:killed":{"minecraft:spider":3,"minecraft:skeleton":7,"minecraft:bee":2,"minecraft:chicken":6,"minecraft:magma_cube":1,"minecraft:pig":7,"minecraft:zombie_villager":1,"minecraft:salmon":5,"minecraft:sheep":22,"minecraft:pillager":6,"minecraft:zombie":17,"minecraft:cow":23,"minecraft:blaze":2,"minecraft:enderman":1},"minecraft:killed_by":{"minecraft:creeper":1,"minecraft:blaze":1,"minecraft:zombie":2,"minecraft:player":2,"minecraft:skeleton":3},"minecraft:mined":{"minecraft:white_bed":7,"minecraft:farmland":28,"minecraft:cherry_log":55,"minecraft:brewing_stand":1,"minecraft:potted_dead_bush":1,"minecraft:granite":3,"minecraft:acacia_log":4,"minecraft:grass_block":301,"minecraft:oxeye_daisy":3,"minecraft:tall_seagrass":8,"minecraft:iron_ore":249,"minecraft:cobbled_deepslate":2,"minecraft:fire":6,"minecraft:pumpkin":18,"minecraft:dirt_path":9,"minecraft:oak_stairs":7,"minecraft:smooth_sandstone_stairs":2,"minecraft:jungle_trapdoor":1,"minecraft:cut_sandstone":1,"minecraft:blackstone":4,"minecraft:kelp_plant":15,"minecraft:smoker":1,"minecraft:blast_furnace":1,"minecraft:poppy":3,"minecraft:melon":35,"minecraft:chest":15,"minecraft:cobblestone":7,"minecraft:oak_planks":19,"minecraft:pink_petals":23,"minecraft:seagrass":13,"minecraft:wheat":3,"minecraft:oak_log":11,"minecraft:sand":137,"minecraft:dirt":186,"minecraft:stonecutter":1,"minecraft:oak_leaves":24,"minecraft:deepslate":16,"minecraft:oak_door":2,"minecraft:nether_bricks":27,"minecraft:kelp":6,"minecraft:hay_block":61,"minecraft:furnace":3,"minecraft:snow":2,"minecraft:deepslate_iron_ore":5,"minecraft:vine":4,"minecraft:stone":90,"minecraft:glass_pane":1,"minecraft:snow_block":47,"minecraft:basalt":5,"minecraft:dandelion":7,"minecraft:oak_fence":2,"minecraft:smooth_sandstone":2,"minecraft:crafting_table":7,"minecraft:cornflower":17,"minecraft:short_grass":387,"minecraft:emerald_ore":7,"minecraft:tall_grass":17,"minecraft:white_carpet":3,"minecraft:yellow_bed":4,"minecraft:coal_ore":45,"minecraft:cocoa":4,"minecraft:cherry_leaves":51,"minecraft:gravel":30,"minecraft:fern":16},"minecraft:custom":{"minecraft:interact_with_crafting_table":60,"minecraft:open_barrel":2,"minecraft:bell_ring":1,"minecraft:leave_game":20,"minecraft:time_since_death":53825,"minecraft:sprint_one_cm":2138064,"minecraft:damage_blocked_by_shield":1112,"minecraft:drop":164,"minecraft:play_time":719887,"minecraft:deaths":14,"minecraft:jump":9881,"minecraft:walk_on_water_one_cm":155297,"minecraft:interact_with_furnace":25,"minecraft:sleep_in_bed":52,"minecraft:damage_dealt":12960,"minecraft:player_kills":1,"minecraft:crouch_one_cm":64664,"minecraft:interact_with_smoker":14,"minecraft:horse_one_cm":179606,"minecraft:mob_kills":104,"minecraft:climb_one_cm":9352,"minecraft:walk_one_cm":1765022,"minecraft:sneak_time":31919,"minecraft:walk_under_water_one_cm":117316,"minecraft:boat_one_cm":1318055,"minecraft:interact_with_blast_furnace":12,"minecraft:total_world_time":719887,"minecraft:time_since_rest":23469,"minecraft:damage_taken":7961,"minecraft:swim_one_cm":310714,"minecraft:fly_one_cm":1124577,"minecraft:open_chest":278,"minecraft:fall_one_cm":201658},"minecraft:used":{"minecraft:cherry_sapling":16,"minecraft:iron_shovel":321,"minecraft:poppy":4,"minecraft:chest":11,"minecraft:shield":40,"minecraft:iron_sword":62,"minecraft:rotten_flesh":16,"minecraft:iron_chestplate":3,"minecraft:nether_bricks":1,"minecraft:allium":1,"minecraft:snowball":94,"minecraft:bricks":1,"minecraft:bow":5,"minecraft:hay_block":8,"minecraft:furnace":4,"minecraft:oak_sapling":8,"minecraft:egg":12,"minecraft:stone_pickaxe":209,"minecraft:oak_planks":23,"minecraft:blackstone":2,"minecraft:wooden_pickaxe":29,"minecraft:sand":28,"minecraft:blast_furnace":1,"minecraft:bread":60,"minecraft:melon_slice":146,"minecraft:gravel":11,"minecraft:oak_boat":5,"minecraft:cherry_boat":3,"minecraft:oak_fence":3,"minecraft:stone_sword":34,"minecraft:flint_and_steel":7,"minecraft:stone_shovel":269,"minecraft:oak_door":2,"minecraft:torch":19,"minecraft:dirt":402,"minecraft:white_carpet":8,"minecraft:jungle_trapdoor":5,"minecraft:iron_axe":386,"minecraft:oak_stairs":7,"minecraft:smooth_sandstone":2,"minecraft:cooked_beef":6,"minecraft:cobbled_deepslate":10,"minecraft:cherry_log":34,"minecraft:wheat_seeds":3,"minecraft:cooked_mutton":7,"minecraft:acacia_boat":2,"minecraft:water_bucket":234,"minecraft:lead":1,"minecraft:crafting_table":9,"minecraft:white_bed":5,"minecraft:smoker":1,"minecraft:cornflower":3,"minecraft:oxeye_daisy":2,"minecraft:chicken":1,"minecraft:iron_pickaxe":265,"minecraft:map":1,"minecraft:cherry_chest_boat":2,"minecraft:stone_axe":79,"minecraft:pink_petals":59,"minecraft:cobblestone":17,"minecraft:cooked_porkchop":3,"minecraft:bucket":236,"minecraft:yellow_bed":4,"minecraft:kelp":1,"minecraft:dandelion":5},"minecraft:picked_up":{"minecraft:iron_chestplate":4,"minecraft:wheat":4,"minecraft:flower_pot":4,"minecraft:sentry_armor_trim_smithing_template":2,"minecraft:lead":4,"minecraft:oak_stairs":8,"minecraft:brewing_stand":1,"minecraft:music_disc_cat":1,"minecraft:string":14,"minecraft:raw_copper":31,"minecraft:smooth_stone_slab":4,"minecraft:iron_leggings":1,"minecraft:sticky_piston":3,"minecraft:experience_bottle":1,"minecraft:activator_rail":7,"minecraft:cherry_boat":4,"minecraft:gold_nugget":4,"minecraft:cobbled_deepslate":55,"minecraft:calcite":10,"minecraft:iron_pickaxe":13,"minecraft:melon_slice":285,"minecraft:iron_boots":1,"minecraft:furnace":3,"minecraft:stick":105,"minecraft:jungle_door":2,"minecraft:oak_fence":3,"minecraft:torch":14,"minecraft:acacia_log":4,"minecraft:porkchop":15,"minecraft:cherry_log":55,"minecraft:diorite":34,"minecraft:stone_sword":3,"minecraft:rotten_flesh":53,"minecraft:obsidian":4,"minecraft:snowball":94,"minecraft:cobblestone":147,"minecraft:pink_petals":62,"minecraft:cooked_beef":6,"minecraft:feather":18,"minecraft:repeater":1,"minecraft:cherry_planks":60,"minecraft:water_bucket":5,"minecraft:andesite":13,"minecraft:golden_leggings":3,"minecraft:smoker":1,"minecraft:potato":12,"minecraft:flint":1,"minecraft:tuff":2,"minecraft:smooth_sandstone_stairs":4,"minecraft:acacia_boat":3,"minecraft:lapis_lazuli":19,"minecraft:map":1,"minecraft:cherry_door":2,"minecraft:dirt":1472,"minecraft:bone":55,"minecraft:stonecutter":1,"minecraft:bow":3,"minecraft:wheat_seeds":372,"minecraft:cherry_chest_boat":2,"minecraft:bamboo":17,"minecraft:powered_rail":2,"minecraft:oak_planks":31,"minecraft:cooked_porkchop":3,"minecraft:poisonous_potato":9,"minecraft:sand":248,"minecraft:ink_sac":1,"minecraft:grass_block":1,"minecraft:dead_bush":1,"minecraft:dark_oak_log":3,"minecraft:mossy_cobblestone":12,"minecraft:dispenser":2,"minecraft:lever":3,"minecraft:crossbow":2,"minecraft:granite":39,"minecraft:bread":47,"minecraft:emerald":16,"minecraft:oak_sapling":15,"minecraft:bricks":1,"minecraft:dark_oak_fence":12,"minecraft:cocoa_beans":10,"minecraft:crafting_table":11,"minecraft:allium":1,"minecraft:sandstone_slab":1,"minecraft:ominous_bottle":2,"minecraft:chicken":12,"minecraft:wooden_pickaxe":2,"minecraft:shield":8,"minecraft:cornflower":48,"minecraft:jungle_trapdoor":1,"minecraft:iron_axe":11,"minecraft:white_carpet":10,"minecraft:iron_shovel":4,"minecraft:blackstone":10,"minecraft:cartography_table":1,"minecraft:detector_rail":6,"minecraft:beef":45,"minecraft:oak_boat":8,"minecraft:iron_nugget":9,"minecraft:poppy":37,"minecraft:chest":18,"minecraft:egg":16,"minecraft:raw_iron":290,"minecraft:oak_door":2,"minecraft:copper_ingot":8,"minecraft:bowl":1,"minecraft:carrot":10,"minecraft:redstone":3,"minecraft:stone_shovel":2,"minecraft:arrow":24,"minecraft:nether_bricks":26,"minecraft:hay_block":61,"minecraft:saddle":1,"minecraft:mutton":39,"minecraft:rail":49,"minecraft:white_wool":27,"minecraft:oxeye_daisy":4,"minecraft:basalt":5,"minecraft:tripwire_hook":4,"minecraft:salmon":5,"minecraft:cut_sandstone":1,"minecraft:leather":23,"minecraft:filled_map":1,"minecraft:oak_log":17,"minecraft:yellow_bed":4,"minecraft:paper":5,"minecraft:white_banner":2,"minecraft:cooked_mutton":1,"minecraft:smooth_sandstone":5,"minecraft:apple":9,"minecraft:kelp":119,"minecraft:iron_ingot":161,"minecraft:iron_sword":2,"minecraft:pumpkin":46,"minecraft:chiseled_stone_bricks":3,"minecraft:dandelion":48,"minecraft:gravel":55,"minecraft:lava_bucket":11,"minecraft:blast_furnace":1,"minecraft:white_bed":8,"minecraft:spider_eye":6,"minecraft:stone_axe":1,"minecraft:iron_helmet":1,"minecraft:cherry_sapling":16,"minecraft:gray_wool":1,"minecraft:terracotta":2,"minecraft:black_wool":1,"minecraft:melon_seeds":19,"minecraft:coal":45,"minecraft:ender_pearl":2},"minecraft:broken":{"minecraft:iron_shovel":1,"minecraft:stone_pickaxe":1,"minecraft:stone_shovel":2,"minecraft:iron_axe":1}},"DataVersion":3953}