{"stats":{"minecraft:mined":{"minecraft:white_bed":7,"minecraft:farmland":28,"minecraft:cherry_log":55,"minecraft:brewing_stand":1,"minecraft:obsidian":10,"minecraft:potted_dead_bush":1,"minecraft:granite":3,"minecraft:acacia_log":4,"minecraft:grass_block":311,"minecraft:oxeye_daisy":3,"minecraft:tall_seagrass":8,"minecraft:magma_block":17,"minecraft:iron_ore":249,"minecraft:cobbled_deepslate":2,"minecraft:fire":7,"minecraft:pumpkin":18,"minecraft:dirt_path":10,"minecraft:oak_stairs":7,"minecraft:smooth_sandstone_stairs":2,"minecraft:white_banner":1,"minecraft:jungle_trapdoor":1,"minecraft:cut_sandstone":1,"minecraft:blackstone":4,"minecraft:kelp_plant":15,"minecraft:smoker":4,"minecraft:blast_furnace":2,"minecraft:poppy":3,"minecraft:melon":35,"minecraft:chest":25,"minecraft:cobblestone":19,"minecraft:oak_planks":19,"minecraft:pink_petals":23,"minecraft:seagrass":13,"minecraft:wheat":3,"minecraft:stone_brick_stairs":5,"minecraft:oak_log":11,"minecraft:sand":137,"minecraft:dirt":207,"minecraft:stonecutter":1,"minecraft:netherrack":15,"minecraft:oak_leaves":24,"minecraft:deepslate":16,"minecraft:crying_obsidian":2,"minecraft:oak_door":2,"minecraft:nether_bricks":27,"minecraft:kelp":6,"minecraft:hay_block":62,"minecraft:furnace":6,"minecraft:snow":2,"minecraft:andesite":4,"minecraft:deepslate_iron_ore":5,"minecraft:vine":4,"minecraft:stone":90,"minecraft:glass_pane":1,"minecraft:cherry_planks":1,"minecraft:snow_block":47,"minecraft:basalt":5,"minecraft:stone_brick_slab":3,"minecraft:dandelion":7,"minecraft:oak_fence":3,"minecraft:smooth_sandstone":2,"minecraft:crafting_table":8,"minecraft:cornflower":22,"minecraft:short_grass":396,"minecraft:emerald_ore":7,"minecraft:stone_slab":4,"minecraft:tall_grass":17,"minecraft:white_carpet":3,"minecraft:yellow_bed":7,"minecraft:coal_ore":45,"minecraft:cocoa":4,"minecraft:cherry_leaves":51,"minecraft:gravel":30,"minecraft:fern":16},"minecraft:custom":{"minecraft:interact_with_crafting_table":65,"minecraft:open_barrel":2,"minecraft:bell_ring":1,"minecraft:leave_game":32,"minecraft:time_since_death":111114,"minecraft:sprint_one_cm":2847818,"minecraft:damage_blocked_by_shield":1112,"minecraft:drop":178,"minecraft:play_time":989024,"minecraft:deaths":16,"minecraft:jump":12498,"minecraft:walk_on_water_one_cm":184071,"minecraft:interact_with_furnace":28,"minecraft:sleep_in_bed":70,"minecraft:damage_dealt":14214,"minecraft:player_kills":1,"minecraft:crouch_one_cm":100647,"minecraft:interact_with_smoker":15,"minecraft:horse_one_cm":581491,"minecraft:mob_kills":136,"minecraft:climb_one_cm":10178,"minecraft:walk_one_cm":2289306,"minecraft:sneak_time":47862,"minecraft:walk_under_water_one_cm":154485,"minecraft:boat_one_cm":1576758,"minecraft:interact_with_blast_furnace":12,"minecraft:total_world_time":989024,"minecraft:time_since_rest":7096,"minecraft:damage_taken":9310,"minecraft:swim_one_cm":473832,"minecraft:fly_one_cm":1481876,"minecraft:open_chest":511,"minecraft:fall_one_cm":248864},"minecraft:killed":{"minecraft:spider":3,"minecraft:skeleton":7,"minecraft:bee":2,"minecraft:chicken":8,"minecraft:magma_cube":2,"minecraft:pig":7,"minecraft:zombie_villager":1,"minecraft:salmon":29,"minecraft:sheep":25,"minecraft:pillager":7,"minecraft:zombie":17,"minecraft:cow":24,"minecraft:blaze":2,"minecraft:enderman":1},"minecraft:broken":{"minecraft:iron_shovel":1,"minecraft:stone_pickaxe":1,"minecraft:stone_shovel":2,"minecraft:iron_axe":1},"minecraft:killed_by":{"minecraft:creeper":1,"minecraft:blaze":1,"minecraft:zombie":2,"minecraft:player":3,"minecraft:skeleton":3},"minecraft:crafted":{"minecraft:oak_planks":32,"minecraft:cherry_boat":2,"minecraft:cooked_mutton":6,"minecraft:iron_boots":1,"minecraft:chest":3,"minecraft:oak_fence":3,"minecraft:crafting_table":4,"minecraft:wooden_pickaxe":2,"minecraft:iron_helmet":1,"minecraft:copper_ingot":8,"minecraft:cherry_chest_boat":1,"minecraft:iron_chestplate":3,"minecraft:diamond_pickaxe":1,"minecraft:shield":4,"minecraft:stick":36,"minecraft:iron_pickaxe":3,"minecraft:iron_ingot":175,"minecraft:stone_sword":1,"minecraft:oak_door":3,"minecraft:stone_shovel":2,"minecraft:furnace":4,"minecraft:jungle_trapdoor":4,"minecraft:white_carpet":3,"minecraft:flint_and_steel":1,"minecraft:iron_axe":3,"minecraft:ladder":3,"minecraft:stone_pickaxe":2,"minecraft:wheat":495,"minecraft:cooked_beef":1,"minecraft:bucket":3,"minecraft:stone_axe":2,"minecraft:acacia_boat":1,"minecraft:bread":154,"minecraft:air":0,"minecraft:blue_dye":1,"minecraft:white_wool":2,"minecraft:iron_shovel":1,"minecraft:iron_leggings":1,"minecraft:acacia_planks":16,"minecraft:torch":24},"minecraft:used":{"minecraft:cherry_sapling":16,"minecraft:iron_shovel":321,"minecraft:ladder":1,"minecraft:poppy":4,"minecraft:chest":23,"minecraft:shield":40,"minecraft:iron_sword":118,"minecraft:rotten_flesh":16,"minecraft:iron_chestplate":4,"minecraft:nether_bricks":1,"minecraft:allium":1,"minecraft:snowball":94,"minecraft:bricks":1,"minecraft:bow":5,"minecraft:hay_block":8,"minecraft:oak_sapling":8,"minecraft:furnace":4,"minecraft:egg":37,"minecraft:stone_pickaxe":209,"minecraft:oak_planks":23,"minecraft:blackstone":2,"minecraft:wooden_pickaxe":29,"minecraft:sand":28,"minecraft:blast_furnace":1,"minecraft:melon_slice":179,"minecraft:bread":63,"minecraft:gravel":11,"minecraft:oak_boat":5,"minecraft:oak_fence":4,"minecraft:cherry_boat":4,"minecraft:stone_sword":34,"minecraft:flint_and_steel":7,"minecraft:stone_shovel":269,"minecraft:cooked_salmon":7,"minecraft:oak_door":2,"minecraft:torch":19,"minecraft:dirt":537,"minecraft:white_carpet":8,"minecraft:jungle_trapdoor":5,"minecraft:iron_axe":409,"minecraft:oak_stairs":7,"minecraft:smooth_sandstone":2,"minecraft:cooked_beef":11,"minecraft:cobbled_deepslate":10,"minecraft:cherry_log":34,"minecraft:wheat_seeds":3,"minecraft:cooked_mutton":7,"minecraft:acacia_boat":2,"minecraft:water_bucket":234,"minecraft:lead":1,"minecraft:cherry_planks":1,"minecraft:salmon":3,"minecraft:crafting_table":9,"minecraft:white_bed":6,"minecraft:smoker":1,"minecraft:diamond_pickaxe":25,"minecraft:cornflower":7,"minecraft:oxeye_daisy":2,"minecraft:cherry_door":2,"minecraft:chicken":1,"minecraft:iron_pickaxe":321,"minecraft:map":1,"minecraft:cherry_chest_boat":3,"minecraft:stone_axe":79,"minecraft:pink_petals":59,"minecraft:cobblestone":84,"minecraft:white_banner":2,"minecraft:cooked_porkchop":5,"minecraft:bucket":236,"minecraft:yellow_bed":8,"minecraft:kelp":1,"minecraft:dandelion":5,"minecraft:diamond_leggings":1},"minecraft:picked_up":{"minecraft:iron_chestplate":6,"minecraft:wheat":6,"minecraft:flower_pot":4,"minecraft:sentry_armor_trim_smithing_template":2,"minecraft:stone_slab":4,"minecraft:lead":7,"minecraft:oak_stairs":8,"minecraft:stone_brick_stairs":5,"minecraft:brewing_stand":1,"minecraft:music_disc_cat":1,"minecraft:string":15,"minecraft:raw_copper":31,"minecraft:smooth_stone_slab":20,"minecraft:iron_leggings":1,"minecraft:sticky_piston":3,"minecraft:experience_bottle":1,"minecraft:activator_rail":7,"minecraft:cherry_boat":6,"minecraft:cobbled_deepslate":78,"minecraft:gold_nugget":4,"minecraft:smooth_stone":18,"minecraft:calcite":15,"minecraft:iron_pickaxe":16,"minecraft:melon_slice":293,"minecraft:iron_boots":1,"minecraft:furnace":11,"minecraft:stick":146,"minecraft:jungle_door":2,"minecraft:oak_fence":4,"minecraft:torch":14,"minecraft:acacia_log":4,"minecraft:porkchop":15,"minecraft:cherry_log":55,"minecraft:diorite":68,"minecraft:rabbit_foot":4,"minecraft:stone_sword":5,"minecraft:cactus":1,"minecraft:rotten_flesh":54,"minecraft:armadillo_scute":1,"minecraft:carved_pumpkin":4,"minecraft:obsidian":14,"minecraft:snowball":94,"minecraft:cobblestone":213,"minecraft:pink_petals":63,"minecraft:magma_block":17,"minecraft:cooked_beef":16,"minecraft:feather":32,"minecraft:magma_cream":1,"minecraft:repeater":3,"minecraft:cherry_planks":103,"minecraft:water_bucket":5,"minecraft:andesite":30,"minecraft:golden_leggings":3,"minecraft:copper_block":4,"minecraft:smoker":6,"minecraft:potato":14,"minecraft:flint":2,"minecraft:tuff":4,"minecraft:smooth_sandstone_stairs":4,"minecraft:acacia_boat":3,"minecraft:lapis_lazuli":38,"minecraft:map":1,"minecraft:cherry_door":2,"minecraft:dirt":1570,"minecraft:bone":57,"minecraft:glass":31,"minecraft:acacia_planks":8,"minecraft:stonecutter":1,"minecraft:bow":3,"minecraft:wheat_seeds":603,"minecraft:cherry_chest_boat":3,"minecraft:bamboo":61,"minecraft:powered_rail":2,"minecraft:oak_planks":31,"minecraft:cooked_porkchop":23,"minecraft:poisonous_potato":9,"minecraft:sand":308,"minecraft:ink_sac":1,"minecraft:grass_block":5,"minecraft:dead_bush":2,"minecraft:dark_oak_log":3,"minecraft:mossy_cobblestone":12,"minecraft:dispenser":2,"minecraft:lever":3,"minecraft:crossbow":2,"minecraft:granite":39,"minecraft:bread":47,"minecraft:emerald":27,"minecraft:oak_sapling":18,"minecraft:bricks":1,"minecraft:netherrack":12,"minecraft:dark_oak_fence":12,"minecraft:diamond_pickaxe":1,"minecraft:cocoa_beans":24,"minecraft:crafting_table":15,"minecraft:allium":1,"minecraft:sandstone_slab":2,"minecraft:ominous_bottle":3,"minecraft:chicken":14,"minecraft:wooden_pickaxe":2,"minecraft:shield":11,"minecraft:cornflower":62,"minecraft:jungle_trapdoor":1,"minecraft:iron_axe":14,"minecraft:white_carpet":10,"minecraft:iron_shovel":4,"minecraft:blackstone":10,"minecraft:cartography_table":1,"minecraft:detector_rail":6,"minecraft:beef":49,"minecraft:oak_boat":8,"minecraft:iron_nugget":18,"minecraft:poppy":50,"minecraft:sugar_cane":1,"minecraft:chest":41,"minecraft:egg":46,"minecraft:raw_iron":290,"minecraft:oak_door":2,"minecraft:copper_ingot":53,"minecraft:bowl":1,"minecraft:carrot":10,"minecraft:redstone":68,"minecraft:stone_shovel":2,"minecraft:arrow":29,"minecraft:beetroot_seeds":24,"minecraft:nether_bricks":26,"minecraft:hay_block":62,"minecraft:saddle":2,"minecraft:gold_ingot":11,"minecraft:glow_berries":9,"minecraft:mutton":42,"minecraft:white_wool":38,"minecraft:rail":49,"minecraft:oxeye_daisy":5,"minecraft:basalt":5,"minecraft:tripwire_hook":4,"minecraft:salmon":29,"minecraft:cut_sandstone":1,"minecraft:leather":24,"minecraft:filled_map":2,"minecraft:oak_log":17,"minecraft:yellow_bed":7,"minecraft:cobblestone_wall":6,"minecraft:paper":5,"minecraft:white_banner":5,"minecraft:cooked_mutton":1,"minecraft:smooth_sandstone":5,"minecraft:apple":9,"minecraft:kelp":336,"minecraft:iron_ingot":161,"minecraft:iron_sword":5,"minecraft:pumpkin":73,"minecraft:chiseled_stone_bricks":6,"minecraft:stone_brick_slab":3,"minecraft:dandelion":96,"minecraft:gravel":80,"minecraft:lava_bucket":12,"minecraft:blast_furnace":3,"minecraft:white_bed":8,"minecraft:crying_obsidian":2,"minecraft:spider_eye":6,"minecraft:pumpkin_seeds":4,"minecraft:stone_axe":3,"minecraft:iron_helmet":1,"minecraft:cherry_sapling":23,"minecraft:gray_wool":1,"minecraft:terracotta":2,"minecraft:black_wool":2,"minecraft:melon_seeds":38,"minecraft:coal":173,"minecraft:hopper":4,"minecraft:ender_pearl":2},"minecraft:dropped":{"minecraft:iron_sword":1,"minecraft:cooked_porkchop":6,"minecraft:dirt":44,"minecraft:cornflower":2,"minecraft:sand":45,"minecraft:iron_pickaxe":1,"minecraft:cherry_chest_boat":1,"minecraft:bone":24,"minecraft:rotten_flesh":2,"minecraft:rabbit_foot":2,"minecraft:chest":2,"minecraft:water_bucket":4,"minecraft:iron_ingot":3,"minecraft:bread":55,"minecraft:wheat_seeds":1,"minecraft:cobblestone":171,"minecraft:lava_bucket":11,"minecraft:torch":7,"minecraft:melon_slice":4,"minecraft:pumpkin":1,"minecraft:iron_axe":3,"minecraft:iron_shovel":1,"minecraft:string":1,"minecraft:dandelion":24,"minecraft:kelp":6,"minecraft:hay_block":1,"minecraft:andesite":13,"minecraft:oak_boat":2}},"DataVersion":3953}