{"stats":{"minecraft:dropped":{"minecraft:water_bucket":1,"minecraft:bread":25,"minecraft:iron_ingot":3,"minecraft:cobblestone":43,"minecraft:lava_bucket":11,"minecraft:hay_block":1,"minecraft:torch":7,"minecraft:melon_slice":1,"minecraft:pumpkin":1,"minecraft:sand":45,"minecraft:iron_pickaxe":1,"minecraft:iron_shovel":1,"minecraft:bone":24},"minecraft:used":{"minecraft:cooked_mutton":6,"minecraft:wheat_seeds":3,"minecraft:water_bucket":189,"minecraft:stone_sword":34,"minecraft:iron_shovel":106,"minecraft:flint_and_steel":3,"minecraft:stone_shovel":269,"minecraft:stone_pickaxe":209,"minecraft:oak_planks":12,"minecraft:wooden_pickaxe":8,"minecraft:shield":17,"minecraft:iron_chestplate":1,"minecraft:torch":19,"minecraft:dirt":102,"minecraft:sand":28,"minecraft:crafting_table":4,"minecraft:iron_pickaxe":176,"minecraft:iron_axe":66,"minecraft:oak_stairs":1,"minecraft:bread":24,"minecraft:melon_slice":38,"minecraft:gravel":11,"minecraft:stone_axe":67,"minecraft:cobblestone":8,"minecraft:hay_block":6,"minecraft:furnace":1,"minecraft:bucket":191,"minecraft:egg":3,"minecraft:cobbled_deepslate":10},"minecraft:crafted":{"minecraft:oak_planks":24,"minecraft:stone_shovel":2,"minecraft:crafting_table":1,"minecraft:iron_helmet":1,"minecraft:wooden_pickaxe":1,"minecraft:furnace":1,"minecraft:copper_ingot":8,"minecraft:bucket":2,"minecraft:stone_axe":1,"minecraft:cooked_mutton":6,"minecraft:bread":105,"minecraft:air":0,"minecraft:flint_and_steel":1,"minecraft:iron_boots":1,"minecraft:iron_chestplate":3,"minecraft:shield":2,"minecraft:iron_axe":1,"minecraft:stick":12,"minecraft:iron_ingot":166,"minecraft:iron_pickaxe":2,"minecraft:stone_pickaxe":2,"minecraft:stone_sword":1,"minecraft:iron_shovel":1,"minecraft:iron_leggings":1,"minecraft:cooked_beef":1,"minecraft:torch":24,"minecraft:wheat":306},"minecraft:picked_up":{"minecraft:crafting_table":4,"minecraft:iron_chestplate":1,"minecraft:wheat":4,"minecraft:water_bucket":1,"minecraft:leather":2,"minecraft:oak_stairs":2,"minecraft:flint":1,"minecraft:oak_log":6,"minecraft:cornflower":3,"minecraft:dirt":353,"minecraft:string":1,"minecraft:iron_axe":1,"minecraft:iron_shovel":1,"minecraft:bone":25,"minecraft:kelp":32,"minecraft:wheat_seeds":247,"minecraft:cobbled_deepslate":24,"minecraft:iron_ingot":5,"minecraft:beef":4,"minecraft:poppy":20,"minecraft:iron_pickaxe":2,"minecraft:melon_slice":172,"minecraft:oak_planks":12,"minecraft:furnace":1,"minecraft:egg":4,"minecraft:stick":18,"minecraft:raw_iron":290,"minecraft:pumpkin":19,"minecraft:torch":10,"minecraft:dandelion":20,"minecraft:gravel":29,"minecraft:lava_bucket":11,"minecraft:sand":188,"minecraft:redstone":3,"minecraft:stone_shovel":2,"minecraft:rotten_flesh":3,"minecraft:hay_block":41,"minecraft:granite":7,"minecraft:oxeye_daisy":1,"minecraft:saddle":1,"minecraft:emerald":7,"minecraft:oak_sapling":7,"minecraft:mutton":11,"minecraft:coal":45,"minecraft:white_wool":8,"minecraft:cobblestone":93,"minecraft:ender_pearl":1},"minecraft:killed_by":{"minecraft:skeleton":1},"minecraft:mined":{"minecraft:kelp_plant":4,"minecraft:dandelion":2,"minecraft:crafting_table":4,"minecraft:granite":3,"minecraft:short_grass":145,"minecraft:emerald_ore":7,"minecraft:melon":27,"minecraft:grass_block":233,"minecraft:tall_grass":1,"minecraft:kelp":2,"minecraft:oak_planks":13,"minecraft:hay_block":41,"minecraft:tall_seagrass":1,"minecraft:furnace":1,"minecraft:iron_ore":249,"minecraft:fire":1,"minecraft:cobbled_deepslate":2,"minecraft:wheat":3,"minecraft:pumpkin":18,"minecraft:coal_ore":45,"minecraft:oak_log":6,"minecraft:dirt_path":2,"minecraft:deepslate_iron_ore":5,"minecraft:vine":3,"minecraft:oak_stairs":2,"minecraft:gravel":30,"minecraft:sand":137,"minecraft:dirt":47,"minecraft:stone":51,"minecraft:oak_leaves":10,"minecraft:deepslate":16,"minecraft:fern":16},"minecraft:killed":{"minecraft:spider":2,"minecraft:sheep":7,"minecraft:skeleton":1,"minecraft:zombie":4,"minecraft:enderman":1,"minecraft:cow":2},"minecraft:broken":{"minecraft:stone_pickaxe":1,"minecraft:stone_shovel":2},"minecraft:custom":{"minecraft:interact_with_furnace":7,"minecraft:mob_kills":18,"minecraft:interact_with_crafting_table":28,"minecraft:leave_game":8,"minecraft:time_since_death":33096,"minecraft:sleep_in_bed":14,"minecraft:climb_one_cm":916,"minecraft:time_since_rest":4325,"minecraft:sprint_one_cm":503635,"minecraft:damage_taken":2118,"minecraft:walk_one_cm":635651,"minecraft:damage_blocked_by_shield":487,"minecraft:drop":122,"minecraft:damage_dealt":2541,"minecraft:swim_one_cm":54828,"minecraft:fly_one_cm":325359,"minecraft:open_chest":86,"minecraft:play_time":252129,"minecraft:crouch_one_cm":19943,"minecraft:sneak_time":11382,"minecraft:deaths":2,"minecraft:walk_under_water_one_cm":51722,"minecraft:jump":3639,"minecraft:interact_with_blast_furnace":9,"minecraft:walk_on_water_one_cm":87715,"minecraft:fall_one_cm":79347,"minecraft:horse_one_cm":53491,"minecraft:total_world_time":252129,"minecraft:interact_with_smoker":7}},"DataVersion":3953}