{"stats":{"minecraft:dropped":{"minecraft:iron_ingot":1,"minecraft:saddle":1,"minecraft:stick":10,"minecraft:torch":1,"minecraft:melon_slice":30,"minecraft:iron_axe":1,"minecraft:iron_shovel":1},"minecraft:used":{"minecraft:iron_shovel":708,"minecraft:flint_and_steel":1,"minecraft:chest":5,"minecraft:shield":48,"minecraft:iron_sword":85,"minecraft:cooked_chicken":3,"minecraft:rotten_flesh":16,"minecraft:iron_chestplate":4,"minecraft:torch":28,"minecraft:dirt":29,"minecraft:granite":20,"minecraft:iron_axe":87,"minecraft:iron_boots":4,"minecraft:furnace":2,"minecraft:egg":4,"minecraft:cooked_beef":16,"minecraft:cobbled_deepslate":13,"minecraft:wheat_seeds":9,"minecraft:cooked_mutton":4,"minecraft:water_bucket":59,"minecraft:stone_pickaxe":132,"minecraft:oak_planks":58,"minecraft:wooden_pickaxe":7,"minecraft:sand":9,"minecraft:crafting_table":6,"minecraft:blast_furnace":1,"minecraft:white_bed":5,"minecraft:smoker":3,"minecraft:diamond_pickaxe":10,"minecraft:melon_slice":6,"minecraft:bread":12,"minecraft:iron_pickaxe":319,"minecraft:map":1,"minecraft:stone_axe":112,"minecraft:cobblestone":37,"minecraft:andesite":12,"minecraft:bucket":60,"minecraft:oak_boat":9},"minecraft:crafted":{"minecraft:smooth_stone":24,"minecraft:oak_planks":128,"minecraft:smooth_stone_slab":12,"minecraft:cooked_chicken":1,"minecraft:furnace":3,"minecraft:stone":30,"minecraft:cooked_mutton":4,"minecraft:glass":31,"minecraft:hopper":4,"minecraft:repeater":2,"minecraft:iron_boots":1,"minecraft:iron_axe":2,"minecraft:stone_pickaxe":1,"minecraft:chest":9,"minecraft:smoker":1,"minecraft:cooked_beef":16,"minecraft:crafting_table":2,"minecraft:wooden_pickaxe":1,"minecraft:iron_sword":2,"minecraft:birch_planks":20,"minecraft:bucket":1,"minecraft:stone_axe":1,"minecraft:air":0,"minecraft:jungle_planks":64,"minecraft:oak_boat":1,"minecraft:diamond_pickaxe":1,"minecraft:iron_chestplate":1,"minecraft:shield":2,"minecraft:stick":52,"minecraft:iron_ingot":140,"minecraft:iron_pickaxe":2,"minecraft:iron_shovel":3,"minecraft:iron_leggings":1,"minecraft:white_bed":1,"minecraft:redstone_torch":4,"minecraft:torch":16},"minecraft:picked_up":{"minecraft:crafting_table":5,"minecraft:iron_chestplate":4,"minecraft:wheat":11,"minecraft:chicken":3,"minecraft:lead":5,"minecraft:shield":4,"minecraft:cornflower":1,"minecraft:string":3,"minecraft:iron_axe":4,"minecraft:raw_copper":39,"minecraft:flint_and_steel":4,"minecraft:iron_leggings":2,"minecraft:iron_shovel":1,"minecraft:cobbled_deepslate":26,"minecraft:bucket":2,"minecraft:beef":17,"minecraft:oak_boat":13,"minecraft:calcite":6,"minecraft:poppy":3,"minecraft:iron_pickaxe":5,"minecraft:melon_slice":37,"minecraft:chest":3,"minecraft:iron_boots":5,"minecraft:egg":12,"minecraft:stick":2,"minecraft:raw_iron":105,"minecraft:torch":14,"minecraft:redstone":168,"minecraft:arrow":17,"minecraft:rotten_flesh":50,"minecraft:saddle":1,"minecraft:mutton":3,"minecraft:cobblestone":185,"minecraft:white_wool":3,"minecraft:birch_log":5,"minecraft:feather":6,"minecraft:andesite":23,"minecraft:water_bucket":2,"minecraft:jungle_log":16,"minecraft:leather":13,"minecraft:smoker":2,"minecraft:tuff":3,"minecraft:oak_log":40,"minecraft:gunpowder":8,"minecraft:lapis_lazuli":19,"minecraft:dirt":714,"minecraft:cooked_mutton":3,"minecraft:bone":19,"minecraft:kelp":8,"minecraft:wheat_seeds":87,"minecraft:raw_gold":15,"minecraft:cooked_chicken":2,"minecraft:iron_ingot":3,"minecraft:oak_planks":43,"minecraft:iron_sword":3,"minecraft:pumpkin":9,"minecraft:dandelion":11,"minecraft:sand":40,"minecraft:blast_furnace":1,"minecraft:white_bed":4,"minecraft:grass_block":1,"minecraft:spider_eye":1,"minecraft:diamond":9,"minecraft:stone_axe":7,"minecraft:granite":38,"minecraft:emerald":3,"minecraft:bread":214,"minecraft:oak_sapling":3,"minecraft:coal":132,"minecraft:ender_pearl":1},"minecraft:killed_by":{"minecraft:zombie":3},"minecraft:mined":{"minecraft:tuff":2,"minecraft:white_bed":4,"minecraft:deepslate_diamond_ore":3,"minecraft:granite":36,"minecraft:grass_block":681,"minecraft:jungle_log":16,"minecraft:iron_ore":67,"minecraft:fire":7,"minecraft:andesite":22,"minecraft:pumpkin":9,"minecraft:deepslate_lapis_ore":3,"minecraft:vine":5,"minecraft:deepslate_iron_ore":3,"minecraft:stone":155,"minecraft:deepslate_redstone_ore":8,"minecraft:smoker":2,"minecraft:dandelion":2,"minecraft:crafting_table":5,"minecraft:torch":1,"minecraft:short_grass":122,"minecraft:blast_furnace":1,"minecraft:emerald_ore":3,"minecraft:calcite":6,"minecraft:melon":8,"minecraft:chest":3,"minecraft:tall_grass":6,"minecraft:copper_ore":10,"minecraft:cobblestone":15,"minecraft:deepslate_gold_ore":5,"minecraft:oak_planks":17,"minecraft:wall_torch":3,"minecraft:birch_log":5,"minecraft:wheat":11,"minecraft:oak_log":40,"minecraft:coal_ore":104,"minecraft:sand":8,"minecraft:dirt":27,"minecraft:oak_leaves":25,"minecraft:deepslate":13,"minecraft:fern":3},"minecraft:killed":{"minecraft:spider":4,"minecraft:skeleton":6,"minecraft:chicken":3,"minecraft:iron_golem":1,"minecraft:wandering_trader":1,"minecraft:creeper":1,"minecraft:sheep":3,"minecraft:trader_llama":2,"minecraft:zombie":15,"minecraft:cow":9,"minecraft:enderman":1},"minecraft:broken":{"minecraft:iron_shovel":3,"minecraft:stone_pickaxe":1,"minecraft:iron_pickaxe":1},"minecraft:custom":{"minecraft:mob_kills":50,"minecraft:interact_with_crafting_table":35,"minecraft:bell_ring":1,"minecraft:leave_game":5,"minecraft:time_since_death":164008,"minecraft:climb_one_cm":1592,"minecraft:sprint_one_cm":524840,"minecraft:walk_one_cm":378366,"minecraft:damage_blocked_by_shield":1001,"minecraft:drop":8,"minecraft:talked_to_villager":2,"minecraft:play_time":275156,"minecraft:deaths":7,"minecraft:sneak_time":6019,"minecraft:walk_under_water_one_cm":52319,"minecraft:boat_one_cm":515668,"minecraft:jump":4345,"minecraft:interact_with_blast_furnace":27,"minecraft:walk_on_water_one_cm":82779,"minecraft:total_world_time":275156,"minecraft:interact_with_furnace":16,"minecraft:sleep_in_bed":18,"minecraft:time_since_rest":16954,"minecraft:damage_taken":3922,"minecraft:damage_dealt":9458,"minecraft:swim_one_cm":93400,"minecraft:fly_one_cm":681927,"minecraft:open_chest":203,"minecraft:crouch_one_cm":8769,"minecraft:interact_with_smoker":20,"minecraft:fall_one_cm":118847,"minecraft:horse_one_cm":160467}},"DataVersion":3953}