{"stats":{"minecraft:used":{"minecraft:cooked_mutton":3,"minecraft:diorite":4,"minecraft:stone_pickaxe":131,"minecraft:wooden_pickaxe":34,"minecraft:shield":5,"minecraft:torch":49,"minecraft:glow_berries":4,"minecraft:dirt":1,"minecraft:crafting_table":4,"minecraft:spruce_boat":3,"minecraft:iron_pickaxe":161,"minecraft:stone_axe":65,"minecraft:cobblestone":15,"minecraft:furnace":3},"minecraft:crafted":{"minecraft:oak_planks":20,"minecraft:crafting_table":2,"minecraft:spruce_planks":12,"minecraft:wooden_pickaxe":1,"minecraft:furnace":2,"minecraft:stone_axe":1,"minecraft:cooked_mutton":3,"minecraft:air":0,"minecraft:shield":1,"minecraft:stick":20,"minecraft:iron_ingot":4,"minecraft:stone_pickaxe":1,"minecraft:iron_pickaxe":1,"minecraft:spruce_boat":1,"minecraft:torch":56},"minecraft:picked_up":{"minecraft:crafting_table":2,"minecraft:clay_ball":108,"minecraft:wooden_pickaxe":1,"minecraft:oak_log":5,"minecraft:shield":1,"minecraft:string":2,"minecraft:dirt":11,"minecraft:raw_copper":14,"minecraft:bone":6,"minecraft:wheat_seeds":2,"minecraft:cobbled_deepslate":1,"minecraft:iron_ingot":3,"minecraft:sugar_cane":2,"minecraft:moss_block":10,"minecraft:oak_planks":1,"minecraft:furnace":3,"minecraft:raw_iron":25,"minecraft:stick":2,"minecraft:torch":1,"minecraft:dandelion":4,"minecraft:gravel":1,"minecraft:spruce_sapling":3,"minecraft:pointed_dripstone":1,"minecraft:diorite":16,"minecraft:spruce_log":49,"minecraft:mossy_cobblestone":2,"minecraft:arrow":4,"minecraft:spruce_boat":2,"minecraft:stone_axe":1,"minecraft:granite":9,"minecraft:black_wool":1,"minecraft:glow_berries":8,"minecraft:mutton":3,"minecraft:coal":42,"minecraft:white_wool":1,"minecraft:cobblestone":326},"minecraft:mined":{"minecraft:mossy_cobblestone":2,"minecraft:dandelion":2,"minecraft:clay":28,"minecraft:crafting_table":2,"minecraft:cave_vines_plant":1,"minecraft:granite":9,"minecraft:short_grass":3,"minecraft:grass_block":4,"minecraft:copper_ore":4,"minecraft:tall_grass":1,"minecraft:spruce_leaves":10,"minecraft:sugar_cane":1,"minecraft:moss_block":8,"minecraft:diorite":9,"minecraft:wall_torch":1,"minecraft:furnace":3,"minecraft:iron_ore":25,"minecraft:spruce_log":43,"minecraft:pointed_dripstone":1,"minecraft:coal_ore":33,"minecraft:oak_log":5,"minecraft:cave_vines":2,"minecraft:gravel":1,"minecraft:dirt":3,"minecraft:stone":223,"minecraft:oak_leaves":1,"minecraft:deepslate":1},"minecraft:killed":{"minecraft:spider":1,"minecraft:sheep":2,"minecraft:skeleton":2},"minecraft:broken":{"minecraft:stone_pickaxe":1},"minecraft:custom":{"minecraft:interact_with_furnace":9,"minecraft:mob_kills":5,"minecraft:interact_with_crafting_table":9,"minecraft:time_since_death":42245,"minecraft:climb_one_cm":2925,"minecraft:time_since_rest":42279,"minecraft:sprint_one_cm":102371,"minecraft:damage_taken":753,"minecraft:walk_one_cm":134658,"minecraft:damage_blocked_by_shield":200,"minecraft:damage_dealt":749,"minecraft:swim_one_cm":926,"minecraft:fly_one_cm":103356,"minecraft:crouch_one_cm":4827,"minecraft:play_time":63937,"minecraft:deaths":2,"minecraft:sneak_time":2482,"minecraft:walk_under_water_one_cm":3667,"minecraft:boat_one_cm":519263,"minecraft:jump":992,"minecraft:walk_on_water_one_cm":8206,"minecraft:total_world_time":63937,"minecraft:fall_one_cm":25185}},"DataVersion":3953}