{"stats":{"minecraft:mined":{"minecraft:birch_log":5,"minecraft:short_grass":2,"minecraft:oak_log":10,"minecraft:melon":1,"minecraft:jungle_log":1,"minecraft:oak_leaves":5},"minecraft:custom":{"minecraft:jump":95,"minecraft:time_since_rest":4742,"minecraft:damage_dealt":75,"minecraft:crouch_one_cm":231,"minecraft:sprint_one_cm":15535,"minecraft:play_time":4742,"minecraft:time_since_death":4742,"minecraft:walk_one_cm":3630,"minecraft:sneak_time":281,"minecraft:total_world_time":4742,"minecraft:fall_one_cm":1463,"minecraft:fly_one_cm":27688},"minecraft:picked_up":{"minecraft:stick":1,"minecraft:oak_log":10,"minecraft:jungle_log":1,"minecraft:melon_slice":6,"minecraft:birch_log":5}},"DataVersion":3953}