{"stats":{"minecraft:crafted":{"minecraft:oak_boat":1,"minecraft:oak_planks":40,"minecraft:crafting_table":1,"minecraft:stick":12,"minecraft:wooden_pickaxe":1,"minecraft:stone_pickaxe":1,"minecraft:white_bed":1,"minecraft:torch":8,"minecraft:stone_axe":1},"minecraft:killed":{"minecraft:sheep":3,"minecraft:chicken":1,"minecraft:cow":1},"minecraft:mined":{"minecraft:white_bed":1,"minecraft:iron_ore":16,"minecraft:birch_log":5,"minecraft:fire":5,"minecraft:crafting_table":3,"minecraft:torch":1,"minecraft:short_grass":6,"minecraft:calcite":5,"minecraft:oak_log":36,"minecraft:coal_ore":7,"minecraft:melon":1,"minecraft:jungle_log":1,"minecraft:dirt":1,"minecraft:stone":12,"minecraft:oak_leaves":6},"minecraft:custom":{"minecraft:time_since_rest":14724,"minecraft:sprint_one_cm":48368,"minecraft:damage_taken":167,"minecraft:walk_one_cm":46706,"minecraft:mob_kills":5,"minecraft:damage_dealt":455,"minecraft:swim_one_cm":1212,"minecraft:interact_with_crafting_table":5,"minecraft:fly_one_cm":78776,"minecraft:crouch_one_cm":415,"minecraft:play_time":26138,"minecraft:sneak_time":361,"minecraft:walk_under_water_one_cm":131,"minecraft:boat_one_cm":53962,"minecraft:jump":444,"minecraft:walk_on_water_one_cm":2185,"minecraft:leave_game":2,"minecraft:time_since_death":26138,"minecraft:sleep_in_bed":1,"minecraft:climb_one_cm":155,"minecraft:total_world_time":26138,"minecraft:fall_one_cm":11510},"minecraft:used":{"minecraft:melon_slice":5,"minecraft:stone_pickaxe":39,"minecraft:wooden_pickaxe":3,"minecraft:stone_axe":44,"minecraft:torch":6,"minecraft:crafting_table":3,"minecraft:oak_boat":1,"minecraft:white_bed":1},"minecraft:picked_up":{"minecraft:birch_log":5,"minecraft:raw_iron":16,"minecraft:stick":1,"minecraft:crafting_table":3,"minecraft:feather":2,"minecraft:chicken":1,"minecraft:jungle_log":1,"minecraft:torch":1,"minecraft:oak_log":36,"minecraft:white_bed":1,"minecraft:dirt":1,"minecraft:wheat_seeds":1,"minecraft:beef":1,"minecraft:oak_boat":1,"minecraft:calcite":5,"minecraft:melon_slice":6,"minecraft:mutton":3,"minecraft:coal":7,"minecraft:white_wool":3,"minecraft:cobblestone":12}},"DataVersion":3953}