{"stats":{"minecraft:picked_up":{"minecraft:iron_chestplate":13,"minecraft:wheat":166,"minecraft:chainmail_boots":2,"minecraft:flower_pot":3,"minecraft:anvil":1,"minecraft:sentry_armor_trim_smithing_template":8,"minecraft:lead":13,"minecraft:oak_stairs":4,"minecraft:enchanted_book":2,"minecraft:brewing_stand":2,"minecraft:golden_sword":1,"minecraft:string":172,"minecraft:raw_copper":87,"minecraft:cooked_salmon":1,"minecraft:smooth_stone_slab":28,"minecraft:iron_leggings":9,"minecraft:sticky_piston":3,"minecraft:experience_bottle":3,"minecraft:activator_rail":17,"minecraft:cherry_boat":8,"minecraft:smooth_stone":36,"minecraft:gold_nugget":12,"minecraft:cobbled_deepslate":94,"minecraft:bucket":6,"minecraft:spruce_planks":1,"minecraft:calcite":13,"minecraft:iron_pickaxe":25,"minecraft:melon_slice":62,"minecraft:iron_boots":11,"minecraft:furnace":8,"minecraft:tipped_arrow":4,"minecraft:stick":209,"minecraft:jungle_door":2,"minecraft:composter":12,"minecraft:oak_fence":39,"minecraft:torch":162,"minecraft:acacia_log":22,"minecraft:porkchop":72,"minecraft:cherry_log":163,"minecraft:pointed_dripstone":37,"minecraft:diorite":18,"minecraft:cauldron":1,"minecraft:goat_horn":5,"minecraft:stone_sword":1,"minecraft:cactus":3,"minecraft:rotten_flesh":207,"minecraft:armadillo_scute":2,"minecraft:carved_pumpkin":8,"minecraft:white_terracotta":2,"minecraft:blaze_rod":11,"minecraft:obsidian":63,"minecraft:snowball":381,"minecraft:cobblestone":1546,"minecraft:birch_log":75,"minecraft:pink_petals":366,"minecraft:magma_block":13,"minecraft:jungle_log":26,"minecraft:feather":75,"minecraft:cooked_beef":18,"minecraft:repeater":5,"minecraft:cherry_planks":192,"minecraft:water_bucket":10,"minecraft:andesite":81,"minecraft:golden_leggings":5,"minecraft:smoker":10,"minecraft:potato":53,"minecraft:flint":9,"minecraft:tuff":7,"minecraft:smooth_sandstone_stairs":2,"minecraft:acacia_boat":8,"minecraft:cherry_door":2,"minecraft:lapis_lazuli":35,"minecraft:dirt":1602,"minecraft:name_tag":4,"minecraft:leather_boots":1,"minecraft:glass":62,"minecraft:bone":194,"minecraft:acacia_planks":8,"minecraft:stonecutter":4,"minecraft:bow":13,"minecraft:wheat_seeds":448,"minecraft:raw_gold":25,"minecraft:cherry_chest_boat":8,"minecraft:bell":3,"minecraft:fletching_table":16,"minecraft:bamboo":22,"minecraft:powered_rail":4,"minecraft:oak_planks":178,"minecraft:cooked_porkchop":12,"minecraft:poisonous_potato":9,"minecraft:sand":186,"minecraft:ink_sac":11,"minecraft:dead_bush":3,"minecraft:grass_block":9,"minecraft:dark_oak_log":16,"minecraft:barrel":4,"minecraft:mossy_cobblestone":13,"minecraft:dispenser":2,"minecraft:diamond":19,"minecraft:lever":3,"minecraft:crossbow":5,"minecraft:granite":76,"minecraft:golden_apple":6,"minecraft:emerald":60,"minecraft:golden_horse_armor":1,"minecraft:bread":347,"minecraft:oak_sapling":155,"minecraft:dark_oak_fence":12,"minecraft:bricks":2,"minecraft:diamond_pickaxe":8,"minecraft:cocoa_beans":22,"minecraft:crafting_table":31,"minecraft:allium":1,"minecraft:sandstone_slab":1,"minecraft:ominous_bottle":6,"minecraft:chicken":48,"minecraft:chest_minecart":15,"minecraft:wooden_pickaxe":4,"minecraft:gold_block":3,"minecraft:diamond_horse_armor":1,"minecraft:shield":20,"minecraft:cornflower":130,"minecraft:iron_axe":21,"minecraft:flint_and_steel":7,"minecraft:white_carpet":3,"minecraft:iron_shovel":6,"minecraft:blackstone":98,"minecraft:cartography_table":2,"minecraft:detector_rail":24,"minecraft:beef":95,"minecraft:oak_boat":28,"minecraft:jungle_sapling":3,"minecraft:iron_nugget":135,"minecraft:poppy":39,"minecraft:lectern":1,"minecraft:sugar_cane":2,"minecraft:chest":59,"minecraft:birch_sapling":23,"minecraft:egg":70,"minecraft:raw_iron":187,"minecraft:stone":17,"minecraft:oak_door":6,"minecraft:copper_ingot":14,"minecraft:bowl":2,"minecraft:fire_charge":3,"minecraft:trident":1,"minecraft:carrot":42,"minecraft:redstone":320,"minecraft:prismarine_crystals":1,"minecraft:iron_horse_armor":1,"minecraft:arrow":273,"minecraft:stone_shovel":3,"minecraft:beetroot_seeds":15,"minecraft:nether_bricks":59,"minecraft:hay_block":26,"minecraft:saddle":2,"minecraft:gold_ingot":14,"minecraft:glow_berries":29,"minecraft:mutton":34,"minecraft:white_wool":41,"minecraft:rail":165,"minecraft:oxeye_daisy":2,"minecraft:clock":2,"minecraft:basalt":139,"minecraft:glow_ink_sac":3,"minecraft:tripwire_hook":5,"minecraft:salmon":11,"minecraft:cut_sandstone":4,"minecraft:leather":101,"minecraft:filled_map":5,"minecraft:oak_log":636,"minecraft:chainmail_chestplate":2,"minecraft:yellow_bed":19,"minecraft:cobblestone_wall":6,"minecraft:gunpowder":42,"minecraft:cobblestone_stairs":1,"minecraft:paper":32,"minecraft:white_banner":8,"minecraft:cooked_mutton":6,"minecraft:smooth_sandstone":8,"minecraft:apple":18,"minecraft:kelp":106,"minecraft:wild_armor_trim_smithing_template":2,"minecraft:oak_fence_gate":1,"minecraft:iron_ingot":206,"minecraft:stone_pickaxe":1,"minecraft:cooked_chicken":11,"minecraft:iron_sword":25,"minecraft:book":81,"minecraft:pumpkin":36,"minecraft:chiseled_stone_bricks":3,"minecraft:dandelion":12,"minecraft:dripstone_block":36,"minecraft:gravel":64,"minecraft:lava_bucket":2,"minecraft:spruce_sapling":2,"minecraft:blast_furnace":8,"minecraft:white_bed":36,"minecraft:spruce_log":11,"minecraft:spider_eye":21,"minecraft:pumpkin_seeds":14,"minecraft:stone_axe":15,"minecraft:chainmail_leggings":5,"minecraft:iron_helmet":7,"minecraft:cherry_sapling":53,"minecraft:gray_wool":3,"minecraft:terracotta":2,"minecraft:melon_seeds":44,"minecraft:black_wool":3,"minecraft:coal":542,"minecraft:hopper":8,"minecraft:ender_pearl":6},"minecraft:broken":{"minecraft:iron_shovel":5,"minecraft:iron_boots":1,"minecraft:stone_pickaxe":2,"minecraft:shield":1,"minecraft:iron_axe":5,"minecraft:iron_pickaxe":4,"minecraft:iron_helmet":1},"minecraft:used":{"minecraft:iron_shovel":1210,"minecraft:poppy":3,"minecraft:diamond_hoe":5,"minecraft:shield":549,"minecraft:chest":73,"minecraft:white_terracotta":2,"minecraft:iron_sword":608,"minecraft:stone":6,"minecraft:bell":3,"minecraft:rotten_flesh":84,"minecraft:iron_chestplate":6,"minecraft:nether_bricks":57,"minecraft:tuff":1,"minecraft:snowball":173,"minecraft:obsidian":31,"minecraft:jungle_sapling":1,"minecraft:glass":2,"minecraft:iron_helmet":2,"minecraft:bow":23,"minecraft:ominous_bottle":1,"minecraft:oak_sapling":26,"minecraft:furnace":8,"minecraft:gold_block":1,"minecraft:egg":16,"minecraft:diorite":5,"minecraft:stone_pickaxe":258,"minecraft:oak_planks":186,"minecraft:blackstone":54,"minecraft:wooden_pickaxe":11,"minecraft:composter":10,"minecraft:diamond_axe":170,"minecraft:glow_berries":4,"minecraft:golden_apple":2,"minecraft:sand":24,"minecraft:blast_furnace":6,"minecraft:melon_slice":29,"minecraft:bread":101,"minecraft:gravel":54,"minecraft:smithing_table":1,"minecraft:andesite":13,"minecraft:chest_minecart":1,"minecraft:oak_boat":18,"minecraft:bone_meal":36,"minecraft:oak_fence":6,"minecraft:cherry_boat":6,"minecraft:trident":4,"minecraft:flint_and_steel":1,"minecraft:spruce_planks":1,"minecraft:cooked_salmon":1,"minecraft:cooked_chicken":17,"minecraft:torch":379,"minecraft:dirt":672,"minecraft:anvil":1,"minecraft:cobblestone_wall":1,"minecraft:granite":24,"minecraft:iron_axe":1423,"minecraft:oak_stairs":1,"minecraft:smooth_sandstone":8,"minecraft:jungle_log":2,"minecraft:iron_boots":4,"minecraft:barrel":2,"minecraft:basalt":71,"minecraft:beef":3,"minecraft:goat_horn":12,"minecraft:cooked_beef":60,"minecraft:cobbled_deepslate":26,"minecraft:iron_leggings":4,"minecraft:calcite":1,"minecraft:wheat_seeds":9,"minecraft:cooked_mutton":21,"minecraft:water_bucket":110,"minecraft:acacia_boat":6,"minecraft:lead":2,"minecraft:cut_sandstone":4,"minecraft:cherry_planks":1,"minecraft:cauldron":2,"minecraft:fletching_table":20,"minecraft:stonecutter":1,"minecraft:rail":1,"minecraft:crafting_table":31,"minecraft:white_bed":24,"minecraft:smoker":10,"minecraft:oak_log":11,"minecraft:cornflower":2,"minecraft:diamond_pickaxe":587,"minecraft:diamond_shovel":43,"minecraft:iron_pickaxe":1272,"minecraft:suspicious_stew":1,"minecraft:map":1,"minecraft:cherry_chest_boat":6,"minecraft:spruce_sapling":2,"minecraft:stone_axe":248,"minecraft:pink_petals":4,"minecraft:cobblestone":575,"minecraft:cooked_porkchop":33,"minecraft:bucket":112,"minecraft:yellow_bed":17,"minecraft:kelp":9},"minecraft:custom":{"minecraft:interact_with_crafting_table":134,"minecraft:open_barrel":1,"minecraft:bell_ring":10,"minecraft:leave_game":42,"minecraft:time_since_death":210678,"minecraft:sprint_one_cm":3642006,"minecraft:damage_blocked_by_shield":12158,"minecraft:drop":142,"minecraft:talked_to_villager":160,"minecraft:play_time":1500018,"minecraft:deaths":29,"minecraft:jump":23083,"minecraft:walk_on_water_one_cm":199248,"minecraft:interact_with_furnace":67,"minecraft:traded_with_villager":284,"minecraft:sleep_in_bed":89,"minecraft:damage_dealt":62105,"minecraft:player_kills":6,"minecraft:crouch_one_cm":143381,"minecraft:interact_with_smoker":61,"minecraft:use_cauldron":1,"minecraft:horse_one_cm":5031714,"minecraft:interact_with_smithing_table":1,"minecraft:interact_with_anvil":2,"minecraft:mob_kills":362,"minecraft:fill_cauldron":2,"minecraft:climb_one_cm":9483,"minecraft:walk_one_cm":2113893,"minecraft:raid_win":1,"minecraft:sneak_time":52995,"minecraft:walk_under_water_one_cm":132766,"minecraft:boat_one_cm":2314131,"minecraft:interact_with_blast_furnace":42,"minecraft:total_world_time":1500018,"minecraft:raid_trigger":1,"minecraft:time_since_rest":4499,"minecraft:damage_taken":20221,"minecraft:damage_absorbed":28,"minecraft:swim_one_cm":306014,"minecraft:fly_one_cm":4327514,"minecraft:open_chest":1482,"minecraft:fall_one_cm":593054},"minecraft:killed":{"minecraft:cave_spider":9,"minecraft:spider":15,"minecraft:skeleton":35,"minecraft:guardian":1,"minecraft:chicken":29,"minecraft:magma_cube":23,"minecraft:pig":27,"minecraft:zombie_villager":1,"minecraft:salmon":7,"minecraft:iron_golem":8,"minecraft:creeper":6,"minecraft:sheep":20,"minecraft:trader_llama":2,"minecraft:pillager":49,"minecraft:zombie":53,"minecraft:blaze":11,"minecraft:cow":31,"minecraft:vindicator":4,"minecraft:horse":1,"minecraft:drowned":3,"minecraft:wandering_trader":1,"minecraft:ravager":1,"minecraft:squid":1,"minecraft:wither_skeleton":3,"minecraft:enderman":4},"minecraft:crafted":{"minecraft:smooth_stone":24,"minecraft:oak_planks":2280,"minecraft:cooked_chicken":14,"minecraft:cherry_boat":3,"minecraft:stone":30,"minecraft:diamond_shovel":1,"minecraft:cooked_mutton":19,"minecraft:glass":31,"minecraft:hopper":4,"minecraft:diamond_helmet":2,"minecraft:repeater":2,"minecraft:bow":4,"minecraft:diamond_leggings":3,"minecraft:iron_boots":2,"minecraft:chest":20,"minecraft:copper_block":4,"minecraft:smoker":4,"minecraft:emerald":240,"minecraft:cauldron":1,"minecraft:cooked_porkchop":36,"minecraft:diamond_axe":1,"minecraft:crafting_table":9,"minecraft:spruce_planks":44,"minecraft:wooden_pickaxe":2,"minecraft:iron_helmet":10,"minecraft:smithing_table":1,"minecraft:copper_ingot":31,"minecraft:fletching_table":4,"minecraft:birch_planks":300,"minecraft:iron_chestplate":9,"minecraft:diamond_pickaxe":2,"minecraft:shield":7,"minecraft:stick":5533,"minecraft:iron_ingot":510,"minecraft:iron_pickaxe":8,"minecraft:iron_block":39,"minecraft:gold_ingot":5,"minecraft:redstone_torch":4,"minecraft:cherry_planks":396,"minecraft:stone_shovel":11,"minecraft:smooth_stone_slab":12,"minecraft:diamond_hoe":2,"minecraft:furnace":10,"minecraft:bone_meal":36,"minecraft:iron_axe":10,"minecraft:stone_pickaxe":2,"minecraft:cobblestone_wall":6,"minecraft:diamond_boots":2,"minecraft:dark_oak_planks":28,"minecraft:wheat":207,"minecraft:cooked_beef":71,"minecraft:iron_sword":9,"minecraft:cooked_salmon":13,"minecraft:bucket":3,"minecraft:stone_axe":3,"minecraft:acacia_boat":1,"minecraft:bread":74,"minecraft:air":0,"minecraft:jungle_planks":96,"minecraft:oak_boat":1,"minecraft:chainmail_boots":3,"minecraft:iron_shovel":5,"minecraft:iron_leggings":2,"minecraft:anvil":1,"minecraft:white_bed":3,"minecraft:acacia_planks":84,"minecraft:torch":324,"minecraft:diamond_chestplate":2},"minecraft:killed_by":{"minecraft:wither_skeleton":3,"minecraft:pillager":2,"minecraft:magma_cube":2,"minecraft:blaze":5,"minecraft:zombie":6,"minecraft:player":1},"minecraft:dropped":{"minecraft:acacia_boat":1,"minecraft:iron_sword":6,"minecraft:porkchop":2,"minecraft:cooked_beef":14,"minecraft:oak_log":44,"minecraft:cooked_porkchop":4,"minecraft:chest_minecart":1,"minecraft:saddle":1,"minecraft:cobblestone_stairs":1,"minecraft:emerald":1,"minecraft:dirt":37,"minecraft:dark_oak_log":3,"minecraft:cornflower":3,"minecraft:gold_nugget":4,"minecraft:sand":4,"minecraft:iron_pickaxe":7,"minecraft:bone":12,"minecraft:stone_axe":1,"minecraft:blackstone":6,"minecraft:rotten_flesh":9,"minecraft:cooked_mutton":1,"minecraft:beetroot_seeds":1,"minecraft:chainmail_boots":1,"minecraft:chest":1,"minecraft:basalt":7,"minecraft:beef":3,"minecraft:water_bucket":2,"minecraft:iron_ingot":20,"minecraft:bread":52,"minecraft:wheat_seeds":9,"minecraft:poisonous_potato":3,"minecraft:iron_helmet":2,"minecraft:feather":5,"minecraft:cobblestone":16,"minecraft:stick":10,"minecraft:ink_sac":3,"minecraft:torch":1,"minecraft:melon_slice":63,"minecraft:dead_bush":1,"minecraft:iron_leggings":1,"minecraft:iron_axe":6,"minecraft:iron_shovel":3,"minecraft:string":2,"minecraft:pink_petals":3,"minecraft:tripwire_hook":1,"minecraft:bucket":1,"minecraft:bricks":1,"minecraft:kelp":1,"minecraft:cocoa_beans":2,"minecraft:stone_shovel":1,"minecraft:chicken":4,"minecraft:iron_boots":1,"minecraft:smoker":1,"minecraft:stone":8,"minecraft:shield":6,"minecraft:allium":1,"minecraft:diamond_pickaxe":1,"minecraft:iron_chestplate":2,"minecraft:golden_leggings":2,"minecraft:oak_sapling":1,"minecraft:spider_eye":2,"minecraft:bamboo":17},"minecraft:mined":{"minecraft:spruce_planks":1,"minecraft:white_bed":26,"minecraft:oak_sapling":9,"minecraft:cherry_log":130,"minecraft:cobblestone_stairs":1,"minecraft:jungle_leaves":4,"minecraft:potted_cactus":2,"minecraft:obsidian":21,"minecraft:carved_pumpkin":4,"minecraft:granite":53,"minecraft:acacia_log":21,"minecraft:grass_block":950,"minecraft:jungle_log":26,"minecraft:composter":12,"minecraft:chiseled_stone_bricks":3,"minecraft:tall_seagrass":1,"minecraft:magma_block":3,"minecraft:iron_ore":141,"minecraft:barrel":4,"minecraft:sticky_piston":1,"minecraft:fire":42,"minecraft:pumpkin":9,"minecraft:anvil":1,"minecraft:deepslate_lapis_ore":3,"minecraft:fletching_table":16,"minecraft:pointed_dripstone":2,"minecraft:water_cauldron":1,"minecraft:dirt_path":15,"minecraft:oak_stairs":4,"minecraft:tripwire":5,"minecraft:piston_head":2,"minecraft:deepslate_redstone_ore":8,"minecraft:sandstone_slab":1,"minecraft:cut_sandstone":2,"minecraft:jungle_door":1,"minecraft:blackstone":77,"minecraft:smoker":8,"minecraft:powder_snow":2,"minecraft:torch":7,"minecraft:blast_furnace":6,"minecraft:melon":8,"minecraft:poppy":1,"minecraft:calcite":6,"minecraft:chest":57,"minecraft:glass":2,"minecraft:cobblestone":75,"minecraft:oak_planks":57,"minecraft:sugar_cane":1,"minecraft:bricks":1,"minecraft:wall_torch":15,"minecraft:pink_petals":5,"minecraft:white_terracotta":2,"minecraft:repeater":1,"minecraft:birch_log":75,"minecraft:wheat":12,"minecraft:smooth_stone_slab":2,"minecraft:oak_log":588,"minecraft:oak_fence_gate":1,"minecraft:sand":20,"minecraft:dirt":325,"minecraft:dispenser":2,"minecraft:tripwire_hook":3,"minecraft:stonecutter":2,"minecraft:deepslate":41,"minecraft:oak_leaves":165,"minecraft:diamond_ore":3,"minecraft:tuff":2,"minecraft:mossy_cobblestone":13,"minecraft:deepslate_diamond_ore":3,"minecraft:nether_bricks":34,"minecraft:dark_oak_fence":18,"minecraft:allium":1,"minecraft:redstone_wire":13,"minecraft:spruce_leaves":18,"minecraft:kelp":1,"minecraft:cartography_table":2,"minecraft:hay_block":27,"minecraft:furnace":6,"minecraft:jungle_sapling":1,"minecraft:snow":1,"minecraft:suspicious_sand":1,"minecraft:andesite":22,"minecraft:gold_block":3,"minecraft:bell":3,"minecraft:bookshelf":9,"minecraft:deepslate_iron_ore":3,"minecraft:vine":17,"minecraft:rail":3,"minecraft:bamboo":3,"minecraft:stone":1012,"minecraft:acacia_leaves":9,"minecraft:cherry_planks":1,"minecraft:snow_block":93,"minecraft:basalt":88,"minecraft:dandelion":2,"minecraft:oak_fence":37,"minecraft:smooth_sandstone":7,"minecraft:crafting_table":25,"minecraft:cornflower":88,"minecraft:short_grass":388,"minecraft:emerald_ore":5,"minecraft:lectern":1,"minecraft:copper_ore":15,"minecraft:tall_grass":139,"minecraft:deepslate_coal_ore":14,"minecraft:deepslate_gold_ore":5,"minecraft:diorite":10,"minecraft:cobblestone_wall":1,"minecraft:ice":1,"minecraft:white_carpet":1,"minecraft:spruce_log":12,"minecraft:birch_leaves":35,"minecraft:bee_nest":1,"minecraft:yellow_bed":19,"minecraft:coal_ore":315,"minecraft:cocoa":1,"minecraft:cherry_leaves":27,"minecraft:gravel":54,"minecraft:cobweb":46,"minecraft:terracotta":2,"minecraft:gold_ore":5,"minecraft:fern":5}},"DataVersion":3953}