{"stats":{"minecraft:crafted":{"minecraft:cooked_beef":1,"minecraft:oak_planks":40,"minecraft:crafting_table":1,"minecraft:wooden_pickaxe":1,"minecraft:furnace":1,"minecraft:stone_axe":1,"minecraft:cooked_mutton":3,"minecraft:air":0,"minecraft:oak_boat":1,"minecraft:shield":1,"minecraft:stick":12,"minecraft:stone_pickaxe":1,"minecraft:white_bed":1,"minecraft:torch":8,"minecraft:smoker":1},"minecraft:killed":{"minecraft:iron_golem":1,"minecraft:sheep":3,"minecraft:chicken":2,"minecraft:cow":1},"minecraft:mined":{"minecraft:white_bed":1,"minecraft:smoker":1,"minecraft:crafting_table":4,"minecraft:torch":1,"minecraft:short_grass":30,"minecraft:blast_furnace":1,"minecraft:grass_block":2,"minecraft:calcite":5,"minecraft:melon":1,"minecraft:jungle_log":1,"minecraft:tall_grass":2,"minecraft:cobblestone":2,"minecraft:oak_planks":15,"minecraft:birch_log":5,"minecraft:iron_ore":16,"minecraft:fire":5,"minecraft:wheat":6,"minecraft:coal_ore":7,"minecraft:oak_log":36,"minecraft:dirt":3,"minecraft:stone":15,"minecraft:oak_leaves":6},"minecraft:custom":{"minecraft:mob_kills":7,"minecraft:interact_with_crafting_table":7,"minecraft:bell_ring":1,"minecraft:leave_game":2,"minecraft:time_since_death":37717,"minecraft:sleep_in_bed":1,"minecraft:climb_one_cm":155,"minecraft:time_since_rest":26303,"minecraft:sprint_one_cm":82436,"minecraft:damage_taken":207,"minecraft:walk_one_cm":81015,"minecraft:damage_dealt":1374,"minecraft:swim_one_cm":1212,"minecraft:talked_to_villager":1,"minecraft:fly_one_cm":118281,"minecraft:crouch_one_cm":1937,"minecraft:play_time":37717,"minecraft:sneak_time":1151,"minecraft:walk_under_water_one_cm":131,"minecraft:boat_one_cm":62526,"minecraft:jump":733,"minecraft:walk_on_water_one_cm":2298,"minecraft:total_world_time":37717,"minecraft:interact_with_smoker":4,"minecraft:fall_one_cm":18866},"minecraft:used":{"minecraft:cooked_mutton":3,"minecraft:stone_pickaxe":48,"minecraft:oak_planks":23,"minecraft:wooden_pickaxe":3,"minecraft:torch":6,"minecraft:dirt":1,"minecraft:crafting_table":4,"minecraft:white_bed":1,"minecraft:smoker":1,"minecraft:melon_slice":6,"minecraft:stone_axe":73,"minecraft:oak_boat":2,"minecraft:cooked_beef":1},"minecraft:picked_up":{"minecraft:birch_log":5,"minecraft:crafting_table":4,"minecraft:wheat":6,"minecraft:feather":4,"minecraft:chicken":2,"minecraft:jungle_log":1,"minecraft:smoker":1,"minecraft:oak_log":36,"minecraft:dirt":5,"minecraft:wheat_seeds":19,"minecraft:iron_ingot":3,"minecraft:beef":1,"minecraft:cooked_chicken":2,"minecraft:oak_boat":1,"minecraft:calcite":5,"minecraft:melon_slice":6,"minecraft:oak_planks":15,"minecraft:egg":1,"minecraft:stick":1,"minecraft:raw_iron":16,"minecraft:torch":1,"minecraft:blast_furnace":1,"minecraft:white_bed":1,"minecraft:arrow":1,"minecraft:rotten_flesh":1,"minecraft:oak_sapling":1,"minecraft:mutton":3,"minecraft:coal":10,"minecraft:cobblestone":17,"minecraft:white_wool":3}},"DataVersion":3953}