{"stats":{"minecraft:used":{"minecraft:stone_pickaxe":131,"minecraft:shield":3,"minecraft:wooden_pickaxe":18,"minecraft:glow_berries":2,"minecraft:torch":23,"minecraft:stone_axe":8,"minecraft:dirt":1,"minecraft:crafting_table":2,"minecraft:furnace":1},"minecraft:crafted":{"minecraft:oak_planks":20,"minecraft:shield":1,"minecraft:crafting_table":1,"minecraft:stick":12,"minecraft:iron_ingot":4,"minecraft:wooden_pickaxe":1,"minecraft:stone_pickaxe":1,"minecraft:furnace":1,"minecraft:torch":24,"minecraft:stone_axe":1,"minecraft:air":0},"minecraft:picked_up":{"minecraft:raw_iron":4,"minecraft:crafting_table":1,"minecraft:dandelion":2,"minecraft:oak_log":5,"minecraft:diorite":7,"minecraft:spruce_log":6,"minecraft:dirt":5,"minecraft:bone":2,"minecraft:arrow":2,"minecraft:wheat_seeds":1,"minecraft:moss_block":2,"minecraft:glow_berries":3,"minecraft:coal":13,"minecraft:cobblestone":120},"minecraft:mined":{"minecraft:iron_ore":4,"minecraft:spruce_log":6,"minecraft:dandelion":2,"minecraft:crafting_table":1,"minecraft:short_grass":3,"minecraft:oak_log":5,"minecraft:grass_block":2,"minecraft:coal_ore":13,"minecraft:dirt":3,"minecraft:spruce_leaves":1,"minecraft:stone":123,"minecraft:moss_block":2,"minecraft:diorite":7,"minecraft:oak_leaves":1},"minecraft:killed":{"minecraft:skeleton":1},"minecraft:broken":{"minecraft:stone_pickaxe":1},"minecraft:custom":{"minecraft:time_since_rest":279,"minecraft:interact_with_furnace":5,"minecraft:sprint_one_cm":40828,"minecraft:damage_taken":573,"minecraft:walk_one_cm":55198,"minecraft:damage_blocked_by_shield":120,"minecraft:mob_kills":1,"minecraft:damage_dealt":249,"minecraft:swim_one_cm":632,"minecraft:interact_with_crafting_table":6,"minecraft:fly_one_cm":60181,"minecraft:deaths":2,"minecraft:crouch_one_cm":4148,"minecraft:play_time":21937,"minecraft:sneak_time":2002,"minecraft:walk_under_water_one_cm":77,"minecraft:jump":446,"minecraft:walk_on_water_one_cm":2545,"minecraft:time_since_death":245,"minecraft:climb_one_cm":426,"minecraft:total_world_time":21937,"minecraft:fall_one_cm":14677}},"DataVersion":3953}