{"stats":{"minecraft:used":{"minecraft:cherry_sapling":6,"minecraft:iron_shovel":1210,"minecraft:oak_sign":4,"minecraft:shield":652,"minecraft:poppy":3,"minecraft:diamond_hoe":485,"minecraft:chest":86,"minecraft:white_terracotta":2,"minecraft:iron_sword":608,"minecraft:stone":6,"minecraft:bell":3,"minecraft:rotten_flesh":85,"minecraft:iron_chestplate":6,"minecraft:cocoa_beans":2,"minecraft:nether_bricks":57,"minecraft:carrot":205,"minecraft:tuff":1,"minecraft:snowball":173,"minecraft:obsidian":31,"minecraft:glass":38,"minecraft:jungle_sapling":3,"minecraft:lava_bucket":1,"minecraft:birch_sapling":3,"minecraft:iron_helmet":2,"minecraft:bow":64,"minecraft:ominous_bottle":1,"minecraft:oak_sapling":27,"minecraft:furnace":14,"minecraft:beetroot_seeds":11,"minecraft:gold_block":1,"minecraft:egg":20,"minecraft:potato":33,"minecraft:diorite":5,"minecraft:cactus":2,"minecraft:stone_pickaxe":258,"minecraft:oak_planks":186,"minecraft:blackstone":54,"minecraft:wooden_pickaxe":11,"minecraft:composter":14,"minecraft:sugar_cane":9,"minecraft:diamond_axe":746,"minecraft:glow_berries":11,"minecraft:golden_apple":2,"minecraft:sand":46,"minecraft:blast_furnace":7,"minecraft:pumpkin_seeds":6,"minecraft:melon_slice":29,"minecraft:bread":101,"minecraft:cherry_sign":1,"minecraft:gravel":55,"minecraft:smithing_table":1,"minecraft:andesite":13,"minecraft:chest_minecart":1,"minecraft:oak_boat":21,"minecraft:bone_meal":37,"minecraft:oak_fence":9,"minecraft:cherry_boat":6,"minecraft:oak_trapdoor":9,"minecraft:trident":4,"minecraft:flint_and_steel":1,"minecraft:spruce_planks":1,"minecraft:cooked_salmon":1,"minecraft:cooked_chicken":36,"minecraft:torch":612,"minecraft:dirt":1035,"minecraft:anvil":2,"minecraft:hopper":1,"minecraft:cobblestone_wall":1,"minecraft:granite":24,"minecraft:oak_fence_gate":2,"minecraft:iron_axe":1440,"minecraft:oak_stairs":1,"minecraft:smooth_sandstone":8,"minecraft:jungle_log":2,"minecraft:iron_boots":4,"minecraft:barrel":2,"minecraft:melon_seeds":6,"minecraft:bamboo":9,"minecraft:basalt":71,"minecraft:beef":3,"minecraft:goat_horn":12,"minecraft:cooked_beef":67,"minecraft:cobbled_deepslate":26,"minecraft:iron_leggings":4,"minecraft:calcite":1,"minecraft:wheat_seeds":94,"minecraft:cooked_mutton":40,"minecraft:water_bucket":130,"minecraft:acacia_boat":6,"minecraft:lead":3,"minecraft:glass_bottle":3,"minecraft:cut_sandstone":4,"minecraft:cherry_planks":3,"minecraft:cauldron":2,"minecraft:fletching_table":20,"minecraft:stonecutter":2,"minecraft:cobblestone_slab":3,"minecraft:mossy_cobblestone":18,"minecraft:rail":1,"minecraft:crafting_table":31,"minecraft:white_bed":41,"minecraft:campfire":1,"minecraft:smoker":14,"minecraft:oak_log":11,"minecraft:cornflower":2,"minecraft:diamond_pickaxe":1276,"minecraft:diamond_shovel":544,"minecraft:iron_pickaxe":1272,"minecraft:suspicious_stew":1,"minecraft:map":1,"minecraft:cherry_chest_boat":6,"minecraft:spruce_sapling":2,"minecraft:stone_axe":248,"minecraft:pink_petals":4,"minecraft:cobblestone":822,"minecraft:cooked_porkchop":38,"minecraft:bucket":132,"minecraft:yellow_bed":26,"minecraft:kelp":16,"minecraft:smooth_stone":7},"minecraft:crafted":{"minecraft:grindstone":1,"minecraft:smooth_stone":24,"minecraft:oak_planks":2332,"minecraft:cobblestone_slab":6,"minecraft:oak_sign":3,"minecraft:cooked_chicken":33,"minecraft:cherry_boat":3,"minecraft:stone":30,"minecraft:diamond_shovel":1,"minecraft:cooked_mutton":38,"minecraft:glass":51,"minecraft:hopper":4,"minecraft:diamond_helmet":2,"minecraft:repeater":2,"minecraft:bow":4,"minecraft:diamond_leggings":3,"minecraft:iron_boots":2,"minecraft:chest":21,"minecraft:copper_block":4,"minecraft:smoker":4,"minecraft:glass_bottle":12,"minecraft:emerald":240,"minecraft:cauldron":1,"minecraft:cooked_porkchop":58,"minecraft:diamond_axe":1,"minecraft:crafting_table":9,"minecraft:spruce_planks":44,"minecraft:wooden_pickaxe":2,"minecraft:iron_helmet":10,"minecraft:smithing_table":1,"minecraft:copper_ingot":31,"minecraft:fletching_table":4,"minecraft:pumpkin_seeds":4,"minecraft:birch_planks":300,"minecraft:campfire":1,"minecraft:iron_chestplate":9,"minecraft:diamond_pickaxe":2,"minecraft:cherry_sign":3,"minecraft:shield":7,"minecraft:stick":5589,"minecraft:iron_ingot":510,"minecraft:iron_pickaxe":8,"minecraft:iron_block":39,"minecraft:gold_ingot":5,"minecraft:redstone_torch":4,"minecraft:cherry_planks":404,"minecraft:stone_shovel":11,"minecraft:smooth_stone_slab":12,"minecraft:diamond_hoe":2,"minecraft:furnace":10,"minecraft:bone_meal":36,"minecraft:oak_trapdoor":6,"minecraft:iron_axe":10,"minecraft:stone_pickaxe":2,"minecraft:cobblestone_wall":6,"minecraft:diamond_boots":2,"minecraft:dark_oak_planks":28,"minecraft:wheat":207,"minecraft:cooked_beef":84,"minecraft:iron_sword":9,"minecraft:cooked_salmon":13,"minecraft:bucket":5,"minecraft:stone_axe":3,"minecraft:acacia_boat":1,"minecraft:bread":74,"minecraft:air":0,"minecraft:jungle_planks":96,"minecraft:oak_boat":3,"minecraft:chainmail_boots":3,"minecraft:iron_shovel":5,"minecraft:iron_leggings":2,"minecraft:anvil":1,"minecraft:white_bed":3,"minecraft:acacia_planks":84,"minecraft:torch":536,"minecraft:diamond_chestplate":2},"minecraft:custom":{"minecraft:animals_bred":1,"minecraft:interact_with_crafting_table":149,"minecraft:open_barrel":1,"minecraft:bell_ring":12,"minecraft:leave_game":53,"minecraft:time_since_death":672158,"minecraft:sprint_one_cm":4760516,"minecraft:damage_blocked_by_shield":14437,"minecraft:drop":259,"minecraft:talked_to_villager":186,"minecraft:play_time":1961498,"minecraft:deaths":29,"minecraft:jump":29250,"minecraft:walk_on_water_one_cm":236732,"minecraft:interact_with_furnace":79,"minecraft:traded_with_villager":284,"minecraft:sleep_in_bed":117,"minecraft:damage_dealt":85434,"minecraft:player_kills":6,"minecraft:crouch_one_cm":174220,"minecraft:interact_with_smoker":74,"minecraft:use_cauldron":1,"minecraft:horse_one_cm":6315681,"minecraft:interact_with_smithing_table":1,"minecraft:interact_with_anvil":3,"minecraft:mob_kills":456,"minecraft:fill_cauldron":2,"minecraft:climb_one_cm":10529,"minecraft:walk_one_cm":2798479,"minecraft:raid_win":1,"minecraft:sneak_time":66439,"minecraft:walk_under_water_one_cm":141184,"minecraft:boat_one_cm":2314177,"minecraft:interact_with_blast_furnace":43,"minecraft:total_world_time":1961498,"minecraft:raid_trigger":1,"minecraft:time_since_rest":14887,"minecraft:damage_taken":21967,"minecraft:damage_absorbed":28,"minecraft:swim_one_cm":313907,"minecraft:fly_one_cm":5422260,"minecraft:open_chest":1913,"minecraft:fall_one_cm":727146},"minecraft:dropped":{"minecraft:acacia_boat":1,"minecraft:iron_sword":6,"minecraft:porkchop":2,"minecraft:diamond_axe":1,"minecraft:cooked_beef":15,"minecraft:oak_log":44,"minecraft:glass_bottle":10,"minecraft:crafting_table":12,"minecraft:cooked_porkchop":5,"minecraft:chest_minecart":1,"minecraft:saddle":4,"minecraft:cobblestone_stairs":1,"minecraft:emerald":1,"minecraft:dirt":79,"minecraft:dark_oak_log":3,"minecraft:cornflower":5,"minecraft:gold_nugget":4,"minecraft:sand":4,"minecraft:iron_pickaxe":10,"minecraft:bone":12,"minecraft:gravel":1,"minecraft:stone_axe":5,"minecraft:blackstone":6,"minecraft:cooked_chicken":18,"minecraft:pointed_dripstone":4,"minecraft:cherry_sapling":5,"minecraft:rotten_flesh":12,"minecraft:cooked_mutton":3,"minecraft:white_bed":1,"minecraft:chainmail_chestplate":5,"minecraft:tipped_arrow":6,"minecraft:beetroot_seeds":1,"minecraft:chainmail_boots":6,"minecraft:chest":5,"minecraft:basalt":7,"minecraft:arrow":39,"minecraft:beef":3,"minecraft:iron_ingot":20,"minecraft:water_bucket":3,"minecraft:bread":52,"minecraft:wheat_seeds":19,"minecraft:dripstone_block":12,"minecraft:poisonous_potato":3,"minecraft:iron_helmet":3,"minecraft:feather":5,"minecraft:cobblestone":25,"minecraft:apple":1,"minecraft:grass_block":1,"minecraft:stick":78,"minecraft:ink_sac":3,"minecraft:torch":16,"minecraft:melon_slice":63,"minecraft:dead_bush":1,"minecraft:iron_leggings":1,"minecraft:white_banner":12,"minecraft:iron_axe":8,"minecraft:iron_shovel":3,"minecraft:chainmail_leggings":3,"minecraft:string":2,"minecraft:pink_petals":3,"minecraft:tripwire_hook":1,"minecraft:bucket":1,"minecraft:bricks":2,"minecraft:kelp":1,"minecraft:cocoa_beans":2,"minecraft:tuff":6,"minecraft:stone_shovel":33,"minecraft:chicken":4,"minecraft:iron_boots":1,"minecraft:smoker":1,"minecraft:stone":8,"minecraft:shield":6,"minecraft:allium":1,"minecraft:diamond_pickaxe":1,"minecraft:iron_chestplate":6,"minecraft:golden_leggings":2,"minecraft:oak_sapling":1,"minecraft:spider_eye":3,"minecraft:bamboo":17,"minecraft:stone_pickaxe":4},"minecraft:broken":{"minecraft:iron_shovel":5,"minecraft:iron_boots":1,"minecraft:stone_pickaxe":2,"minecraft:shield":1,"minecraft:iron_axe":5,"minecraft:iron_pickaxe":4,"minecraft:iron_helmet":1},"minecraft:picked_up":{"minecraft:iron_chestplate":20,"minecraft:wheat":191,"minecraft:chainmail_boots":14,"minecraft:anvil":1,"minecraft:flower_pot":3,"minecraft:sentry_armor_trim_smithing_template":8,"minecraft:lead":29,"minecraft:oak_stairs":83,"minecraft:enchanted_book":2,"minecraft:brewing_stand":2,"minecraft:golden_sword":1,"minecraft:string":173,"minecraft:raw_copper":93,"minecraft:cooked_salmon":1,"minecraft:smooth_stone_slab":28,"minecraft:iron_leggings":9,"minecraft:sticky_piston":3,"minecraft:experience_bottle":3,"minecraft:oak_sign":1,"minecraft:beetroot":3,"minecraft:activator_rail":17,"minecraft:cherry_boat":8,"minecraft:diamond_leggings":2,"minecraft:smooth_stone":50,"minecraft:gold_nugget":12,"minecraft:cobbled_deepslate":105,"minecraft:bucket":6,"minecraft:spruce_planks":1,"minecraft:calcite":13,"minecraft:iron_pickaxe":30,"minecraft:melon_slice":62,"minecraft:iron_boots":11,"minecraft:furnace":8,"minecraft:tipped_arrow":14,"minecraft:stick":309,"minecraft:jungle_door":2,"minecraft:composter":14,"minecraft:oak_fence":42,"minecraft:torch":198,"minecraft:acacia_log":22,"minecraft:porkchop":72,"minecraft:cherry_log":213,"minecraft:pointed_dripstone":55,"minecraft:diorite":60,"minecraft:cauldron":1,"minecraft:goat_horn":5,"minecraft:stone_sword":1,"minecraft:cactus":9,"minecraft:honey_bottle":1,"minecraft:rotten_flesh":258,"minecraft:armadillo_scute":2,"minecraft:carved_pumpkin":8,"minecraft:white_terracotta":2,"minecraft:blaze_rod":11,"minecraft:obsidian":63,"minecraft:snowball":381,"minecraft:cobblestone":2208,"minecraft:birch_log":87,"minecraft:pink_petals":366,"minecraft:magma_block":13,"minecraft:andesite":81,"minecraft:feather":75,"minecraft:cooked_beef":19,"minecraft:repeater":5,"minecraft:cherry_planks":192,"minecraft:water_bucket":11,"minecraft:jungle_log":26,"minecraft:golden_leggings":5,"minecraft:potato":134,"minecraft:smoker":10,"minecraft:flint":9,"minecraft:tuff":19,"minecraft:smooth_sandstone_stairs":2,"minecraft:acacia_boat":8,"minecraft:cherry_door":2,"minecraft:lapis_lazuli":59,"minecraft:dirt":2251,"minecraft:name_tag":4,"minecraft:leather_boots":1,"minecraft:glass":62,"minecraft:bone":203,"minecraft:acacia_planks":8,"minecraft:stonecutter":4,"minecraft:bow":13,"minecraft:wheat_seeds":556,"minecraft:raw_gold":32,"minecraft:cherry_chest_boat":8,"minecraft:bell":4,"minecraft:diamond_helmet":1,"minecraft:fletching_table":16,"minecraft:rabbit":1,"minecraft:bamboo":24,"minecraft:powered_rail":4,"minecraft:oak_planks":193,"minecraft:cooked_porkchop":13,"minecraft:poisonous_potato":9,"minecraft:sand":196,"minecraft:ink_sac":11,"minecraft:dead_bush":3,"minecraft:grass_block":12,"minecraft:dark_oak_log":16,"minecraft:barrel":4,"minecraft:mossy_cobblestone":40,"minecraft:dispenser":2,"minecraft:diamond":19,"minecraft:lever":3,"minecraft:crossbow":5,"minecraft:granite":83,"minecraft:bone_meal":1,"minecraft:golden_apple":6,"minecraft:emerald":62,"minecraft:golden_horse_armor":1,"minecraft:bread":347,"minecraft:oak_sapling":167,"minecraft:dark_oak_fence":12,"minecraft:bricks":7,"minecraft:diamond_pickaxe":8,"minecraft:cocoa_beans":22,"minecraft:crafting_table":47,"minecraft:allium":1,"minecraft:sandstone_slab":1,"minecraft:ominous_bottle":7,"minecraft:chicken":48,"minecraft:chest_minecart":15,"minecraft:wooden_pickaxe":4,"minecraft:gold_block":3,"minecraft:diamond_horse_armor":1,"minecraft:shield":20,"minecraft:cornflower":151,"minecraft:oak_trapdoor":5,"minecraft:iron_axe":24,"minecraft:flint_and_steel":7,"minecraft:white_carpet":3,"minecraft:iron_shovel":6,"minecraft:blackstone":98,"minecraft:cartography_table":2,"minecraft:detector_rail":24,"minecraft:beef":95,"minecraft:oak_boat":30,"minecraft:jungle_sapling":3,"minecraft:iron_nugget":135,"minecraft:poppy":50,"minecraft:lectern":1,"minecraft:sugar_cane":11,"minecraft:chest":75,"minecraft:birch_sapling":32,"minecraft:diamond_hoe":1,"minecraft:egg":80,"minecraft:raw_iron":191,"minecraft:stone":17,"minecraft:oak_door":10,"minecraft:copper_ingot":14,"minecraft:bowl":2,"minecraft:fire_charge":3,"minecraft:trident":1,"minecraft:carrot":426,"minecraft:redstone":320,"minecraft:prismarine_crystals":1,"minecraft:iron_horse_armor":1,"minecraft:arrow":348,"minecraft:stone_shovel":72,"minecraft:diamond_chestplate":1,"minecraft:beetroot_seeds":22,"minecraft:nether_bricks":59,"minecraft:diamond_boots":1,"minecraft:hay_block":26,"minecraft:saddle":7,"minecraft:gold_ingot":14,"minecraft:glow_berries":32,"minecraft:mutton":34,"minecraft:white_wool":41,"minecraft:rail":165,"minecraft:oxeye_daisy":2,"minecraft:clock":2,"minecraft:basalt":139,"minecraft:glow_ink_sac":3,"minecraft:tripwire_hook":5,"minecraft:salmon":13,"minecraft:leather":101,"minecraft:cut_sandstone":4,"minecraft:filled_map":5,"minecraft:oak_log":659,"minecraft:chainmail_chestplate":13,"minecraft:cobblestone_wall":7,"minecraft:yellow_bed":32,"minecraft:gunpowder":55,"minecraft:cobblestone_stairs":9,"minecraft:paper":32,"minecraft:white_banner":28,"minecraft:cooked_mutton":8,"minecraft:smooth_sandstone":8,"minecraft:apple":21,"minecraft:kelp":106,"minecraft:wild_armor_trim_smithing_template":2,"minecraft:iron_ingot":258,"minecraft:oak_fence_gate":2,"minecraft:stone_pickaxe":8,"minecraft:cooked_chicken":29,"minecraft:glass_bottle":10,"minecraft:iron_sword":25,"minecraft:book":81,"minecraft:oak_slab":3,"minecraft:pumpkin":39,"minecraft:chiseled_stone_bricks":3,"minecraft:dandelion":12,"minecraft:dripstone_block":61,"minecraft:gravel":78,"minecraft:lava_bucket":2,"minecraft:spruce_sapling":9,"minecraft:blast_furnace":8,"minecraft:white_bed":53,"minecraft:spruce_log":23,"minecraft:spider_eye":24,"minecraft:pumpkin_seeds":14,"minecraft:stone_axe":22,"minecraft:chainmail_leggings":11,"minecraft:iron_helmet":10,"minecraft:diamond_axe":1,"minecraft:cherry_sapling":89,"minecraft:gray_wool":3,"minecraft:terracotta":2,"minecraft:melon_seeds":44,"minecraft:black_wool":3,"minecraft:coal":612,"minecraft:hopper":8,"minecraft:ender_pearl":6},"minecraft:killed":{"minecraft:cave_spider":9,"minecraft:spider":18,"minecraft:skeleton":43,"minecraft:guardian":1,"minecraft:chicken":29,"minecraft:magma_cube":23,"minecraft:pig":27,"minecraft:zombie_villager":2,"minecraft:salmon":10,"minecraft:iron_golem":19,"minecraft:creeper":17,"minecraft:sheep":20,"minecraft:trader_llama":2,"minecraft:pillager":69,"minecraft:zombie":80,"minecraft:blaze":11,"minecraft:cow":31,"minecraft:vindicator":4,"minecraft:horse":1,"minecraft:drowned":4,"minecraft:rabbit":1,"minecraft:wandering_trader":1,"minecraft:ravager":1,"minecraft:squid":1,"minecraft:wither_skeleton":3,"minecraft:enderman":6},"minecraft:killed_by":{"minecraft:wither_skeleton":3,"minecraft:pillager":2,"minecraft:magma_cube":2,"minecraft:blaze":5,"minecraft:zombie":6,"minecraft:player":1},"minecraft:mined":{"minecraft:spruce_planks":1,"minecraft:white_bed":41,"minecraft:oak_sapling":9,"minecraft:farmland":4,"minecraft:cherry_log":180,"minecraft:sculk_vein":18,"minecraft:cobblestone_stairs":9,"minecraft:jungle_leaves":8,"minecraft:potted_cactus":2,"minecraft:obsidian":21,"minecraft:carved_pumpkin":4,"minecraft:granite":57,"minecraft:acacia_log":21,"minecraft:grass_block":1201,"minecraft:jungle_log":26,"minecraft:composter":14,"minecraft:chiseled_stone_bricks":3,"minecraft:smooth_stone":12,"minecraft:tall_seagrass":1,"minecraft:magma_block":3,"minecraft:sculk_catalyst":1,"minecraft:iron_ore":145,"minecraft:barrel":4,"minecraft:sticky_piston":1,"minecraft:fire":42,"minecraft:pumpkin":12,"minecraft:anvil":1,"minecraft:deepslate_lapis_ore":3,"minecraft:fletching_table":16,"minecraft:sculk_shrieker":1,"minecraft:oak_sign":1,"minecraft:water_cauldron":1,"minecraft:pointed_dripstone":3,"minecraft:dirt_path":74,"minecraft:cave_vines":6,"minecraft:oak_stairs":84,"minecraft:tripwire":5,"minecraft:piston_head":2,"minecraft:deepslate_redstone_ore":8,"minecraft:sandstone_slab":1,"minecraft:cut_sandstone":2,"minecraft:jungle_door":1,"minecraft:blackstone":77,"minecraft:smoker":8,"minecraft:powder_snow":2,"minecraft:torch":13,"minecraft:blast_furnace":6,"minecraft:melon":8,"minecraft:poppy":1,"minecraft:calcite":6,"minecraft:chest":69,"minecraft:glass":6,"minecraft:cobblestone":218,"minecraft:oak_planks":71,"minecraft:sugar_cane":5,"minecraft:bricks":3,"minecraft:wall_torch":18,"minecraft:birch_sapling":1,"minecraft:pink_petals":5,"minecraft:white_terracotta":2,"minecraft:repeater":1,"minecraft:birch_log":87,"minecraft:wheat":49,"minecraft:smooth_stone_slab":2,"minecraft:oak_log":611,"minecraft:beetroots":3,"minecraft:oak_fence_gate":2,"minecraft:sand":30,"minecraft:dirt":526,"minecraft:dispenser":2,"minecraft:tripwire_hook":3,"minecraft:stonecutter":2,"minecraft:deepslate":52,"minecraft:oak_leaves":181,"minecraft:diamond_ore":3,"minecraft:tuff":8,"minecraft:mossy_cobblestone":40,"minecraft:deepslate_diamond_ore":3,"minecraft:cherry_sapling":1,"minecraft:nether_bricks":34,"minecraft:glow_lichen":1,"minecraft:dark_oak_fence":18,"minecraft:allium":1,"minecraft:redstone_wire":13,"minecraft:spruce_leaves":25,"minecraft:kelp":1,"minecraft:cartography_table":2,"minecraft:hay_block":27,"minecraft:oak_trapdoor":5,"minecraft:furnace":6,"minecraft:carrots":111,"minecraft:jungle_sapling":1,"minecraft:snow":1,"minecraft:suspicious_sand":1,"minecraft:andesite":22,"minecraft:gold_block":3,"minecraft:bell":4,"minecraft:bookshelf":9,"minecraft:potatoes":22,"minecraft:deepslate_iron_ore":3,"minecraft:vine":17,"minecraft:rail":3,"minecraft:bamboo_sapling":2,"minecraft:bamboo":3,"minecraft:stone":1361,"minecraft:oak_slab":3,"minecraft:acacia_leaves":9,"minecraft:glass_pane":4,"minecraft:cherry_planks":1,"minecraft:snow_block":93,"minecraft:basalt":88,"minecraft:dandelion":2,"minecraft:oak_fence":41,"minecraft:smooth_sandstone":7,"minecraft:crafting_table":25,"minecraft:cornflower":93,"minecraft:short_grass":450,"minecraft:emerald_ore":7,"minecraft:lectern":1,"minecraft:copper_ore":17,"minecraft:tall_grass":148,"minecraft:deepslate_coal_ore":14,"minecraft:lapis_ore":3,"minecraft:deepslate_gold_ore":12,"minecraft:sculk":188,"minecraft:diorite":33,"minecraft:cactus":3,"minecraft:cobblestone_wall":2,"minecraft:ice":1,"minecraft:white_carpet":1,"minecraft:spruce_log":25,"minecraft:birch_leaves":36,"minecraft:bee_nest":1,"minecraft:yellow_bed":31,"minecraft:coal_ore":386,"minecraft:cocoa":1,"minecraft:cherry_leaves":39,"minecraft:gravel":63,"minecraft:dripstone_block":1,"minecraft:cobweb":46,"minecraft:terracotta":2,"minecraft:gold_ore":5,"minecraft:fern":5}},"DataVersion":3953}