{"stats":{"minecraft:crafted":{"minecraft:oak_planks":128,"minecraft:furnace":1,"minecraft:cooked_mutton":4,"minecraft:iron_boots":1,"minecraft:iron_axe":2,"minecraft:stone_pickaxe":1,"minecraft:chest":3,"minecraft:smoker":1,"minecraft:cooked_beef":1,"minecraft:crafting_table":1,"minecraft:wooden_pickaxe":1,"minecraft:iron_sword":2,"minecraft:bucket":1,"minecraft:stone_axe":1,"minecraft:air":0,"minecraft:oak_boat":1,"minecraft:iron_chestplate":1,"minecraft:shield":2,"minecraft:stick":44,"minecraft:iron_ingot":76,"minecraft:iron_pickaxe":1,"minecraft:iron_leggings":1,"minecraft:white_bed":1,"minecraft:torch":16},"minecraft:dropped":{"minecraft:saddle":1},"minecraft:killed":{"minecraft:spider":2,"minecraft:skeleton":6,"minecraft:chicken":3,"minecraft:iron_golem":1,"minecraft:creeper":1,"minecraft:sheep":3,"minecraft:zombie":15,"minecraft:cow":4},"minecraft:killed_by":{"minecraft:zombie":3},"minecraft:mined":{"minecraft:tuff":1,"minecraft:white_bed":4,"minecraft:deepslate_diamond_ore":3,"minecraft:granite":28,"minecraft:grass_block":10,"minecraft:jungle_log":1,"minecraft:iron_ore":36,"minecraft:fire":7,"minecraft:andesite":12,"minecraft:pumpkin":9,"minecraft:deepslate_lapis_ore":3,"minecraft:deepslate_iron_ore":3,"minecraft:stone":86,"minecraft:deepslate_redstone_ore":8,"minecraft:smoker":2,"minecraft:crafting_table":4,"minecraft:torch":1,"minecraft:short_grass":39,"minecraft:blast_furnace":1,"minecraft:emerald_ore":2,"minecraft:calcite":5,"minecraft:melon":1,"minecraft:chest":2,"minecraft:tall_grass":6,"minecraft:copper_ore":10,"minecraft:cobblestone":13,"minecraft:deepslate_gold_ore":5,"minecraft:oak_planks":17,"minecraft:wall_torch":3,"minecraft:birch_log":5,"minecraft:wheat":6,"minecraft:oak_log":36,"minecraft:coal_ore":89,"minecraft:sand":7,"minecraft:dirt":8,"minecraft:oak_leaves":6,"minecraft:deepslate":7},"minecraft:custom":{"minecraft:mob_kills":39,"minecraft:interact_with_crafting_table":20,"minecraft:bell_ring":1,"minecraft:leave_game":2,"minecraft:time_since_death":10569,"minecraft:climb_one_cm":155,"minecraft:sprint_one_cm":281664,"minecraft:walk_one_cm":214110,"minecraft:damage_blocked_by_shield":1001,"minecraft:drop":1,"minecraft:talked_to_villager":1,"minecraft:play_time":121717,"minecraft:deaths":7,"minecraft:sneak_time":5391,"minecraft:walk_under_water_one_cm":42421,"minecraft:boat_one_cm":62526,"minecraft:jump":2641,"minecraft:interact_with_blast_furnace":16,"minecraft:walk_on_water_one_cm":69413,"minecraft:total_world_time":121717,"minecraft:sleep_in_bed":7,"minecraft:time_since_rest":5159,"minecraft:damage_taken":2996,"minecraft:damage_dealt":7572,"minecraft:swim_one_cm":62894,"minecraft:fly_one_cm":372040,"minecraft:open_chest":66,"minecraft:crouch_one_cm":7062,"minecraft:interact_with_smoker":11,"minecraft:fall_one_cm":71319},"minecraft:used":{"minecraft:flint_and_steel":1,"minecraft:chest":3,"minecraft:shield":48,"minecraft:iron_sword":67,"minecraft:rotten_flesh":9,"minecraft:cooked_chicken":2,"minecraft:iron_chestplate":4,"minecraft:torch":20,"minecraft:dirt":20,"minecraft:granite":20,"minecraft:iron_axe":31,"minecraft:iron_boots":4,"minecraft:egg":1,"minecraft:cooked_beef":1,"minecraft:cobbled_deepslate":13,"minecraft:wheat_seeds":5,"minecraft:cooked_mutton":4,"minecraft:water_bucket":59,"minecraft:stone_pickaxe":132,"minecraft:oak_planks":58,"minecraft:wooden_pickaxe":7,"minecraft:sand":4,"minecraft:crafting_table":5,"minecraft:blast_furnace":1,"minecraft:white_bed":5,"minecraft:smoker":3,"minecraft:melon_slice":6,"minecraft:bread":12,"minecraft:iron_pickaxe":185,"minecraft:stone_axe":106,"minecraft:cobblestone":22,"minecraft:andesite":12,"minecraft:bucket":60,"minecraft:oak_boat":3},"minecraft:picked_up":{"minecraft:crafting_table":4,"minecraft:iron_chestplate":4,"minecraft:wheat":6,"minecraft:chicken":3,"minecraft:shield":4,"minecraft:string":1,"minecraft:raw_copper":39,"minecraft:iron_axe":3,"minecraft:flint_and_steel":4,"minecraft:iron_leggings":2,"minecraft:cobbled_deepslate":21,"minecraft:bucket":2,"minecraft:beef":7,"minecraft:oak_boat":7,"minecraft:calcite":5,"minecraft:iron_pickaxe":5,"minecraft:melon_slice":6,"minecraft:chest":2,"minecraft:iron_boots":5,"minecraft:egg":2,"minecraft:raw_iron":74,"minecraft:stick":2,"minecraft:torch":6,"minecraft:redstone":168,"minecraft:arrow":17,"minecraft:rotten_flesh":48,"minecraft:saddle":1,"minecraft:mutton":3,"minecraft:white_wool":3,"minecraft:cobblestone":117,"minecraft:birch_log":5,"minecraft:feather":6,"minecraft:jungle_log":1,"minecraft:water_bucket":2,"minecraft:andesite":13,"minecraft:leather":4,"minecraft:smoker":2,"minecraft:tuff":2,"minecraft:oak_log":36,"minecraft:gunpowder":8,"minecraft:lapis_lazuli":19,"minecraft:dirt":48,"minecraft:cooked_mutton":3,"minecraft:bone":16,"minecraft:wheat_seeds":42,"minecraft:raw_gold":15,"minecraft:cooked_chicken":2,"minecraft:iron_ingot":3,"minecraft:oak_planks":43,"minecraft:iron_sword":3,"minecraft:pumpkin":9,"minecraft:sand":7,"minecraft:blast_furnace":1,"minecraft:white_bed":4,"minecraft:spider_eye":1,"minecraft:diamond":9,"minecraft:stone_axe":7,"minecraft:granite":30,"minecraft:emerald":2,"minecraft:bread":214,"minecraft:oak_sapling":1,"minecraft:coal":117},"minecraft:broken":{"minecraft:stone_pickaxe":1}},"DataVersion":3953}