{"stats":{"minecraft:dropped":{"minecraft:saddle":1},"minecraft:used":{"minecraft:iron_shovel":300,"minecraft:flint_and_steel":1,"minecraft:chest":3,"minecraft:shield":48,"minecraft:iron_sword":79,"minecraft:cooked_chicken":3,"minecraft:rotten_flesh":16,"minecraft:iron_chestplate":4,"minecraft:torch":21,"minecraft:dirt":24,"minecraft:granite":20,"minecraft:iron_axe":61,"minecraft:iron_boots":4,"minecraft:egg":1,"minecraft:cooked_beef":12,"minecraft:cobbled_deepslate":13,"minecraft:wheat_seeds":6,"minecraft:cooked_mutton":4,"minecraft:water_bucket":59,"minecraft:stone_pickaxe":132,"minecraft:oak_planks":58,"minecraft:wooden_pickaxe":7,"minecraft:sand":4,"minecraft:crafting_table":6,"minecraft:blast_furnace":1,"minecraft:white_bed":5,"minecraft:smoker":3,"minecraft:melon_slice":6,"minecraft:bread":12,"minecraft:iron_pickaxe":248,"minecraft:map":1,"minecraft:stone_axe":112,"minecraft:cobblestone":22,"minecraft:andesite":12,"minecraft:bucket":60,"minecraft:oak_boat":9},"minecraft:crafted":{"minecraft:oak_planks":128,"minecraft:cooked_chicken":1,"minecraft:furnace":1,"minecraft:cooked_mutton":4,"minecraft:iron_boots":1,"minecraft:iron_axe":2,"minecraft:stone_pickaxe":1,"minecraft:chest":3,"minecraft:smoker":1,"minecraft:cooked_beef":16,"minecraft:crafting_table":2,"minecraft:wooden_pickaxe":1,"minecraft:iron_sword":2,"minecraft:bucket":1,"minecraft:stone_axe":1,"minecraft:air":0,"minecraft:jungle_planks":8,"minecraft:oak_boat":1,"minecraft:iron_chestplate":1,"minecraft:shield":2,"minecraft:stick":44,"minecraft:iron_ingot":140,"minecraft:iron_pickaxe":2,"minecraft:iron_shovel":3,"minecraft:iron_leggings":1,"minecraft:white_bed":1,"minecraft:torch":16},"minecraft:picked_up":{"minecraft:crafting_table":5,"minecraft:iron_chestplate":4,"minecraft:wheat":7,"minecraft:chicken":3,"minecraft:lead":5,"minecraft:shield":4,"minecraft:string":1,"minecraft:iron_axe":3,"minecraft:raw_copper":39,"minecraft:flint_and_steel":4,"minecraft:iron_leggings":2,"minecraft:cobbled_deepslate":21,"minecraft:bucket":2,"minecraft:beef":17,"minecraft:oak_boat":13,"minecraft:calcite":5,"minecraft:iron_pickaxe":5,"minecraft:melon_slice":36,"minecraft:chest":2,"minecraft:iron_boots":5,"minecraft:egg":8,"minecraft:stick":2,"minecraft:raw_iron":101,"minecraft:torch":6,"minecraft:redstone":168,"minecraft:arrow":17,"minecraft:rotten_flesh":50,"minecraft:saddle":1,"minecraft:mutton":3,"minecraft:cobblestone":136,"minecraft:white_wool":3,"minecraft:birch_log":5,"minecraft:feather":6,"minecraft:andesite":13,"minecraft:water_bucket":2,"minecraft:jungle_log":3,"minecraft:leather":13,"minecraft:smoker":2,"minecraft:tuff":2,"minecraft:oak_log":40,"minecraft:gunpowder":8,"minecraft:lapis_lazuli":19,"minecraft:dirt":341,"minecraft:cooked_mutton":3,"minecraft:bone":19,"minecraft:kelp":8,"minecraft:wheat_seeds":65,"minecraft:raw_gold":15,"minecraft:cooked_chicken":2,"minecraft:iron_ingot":3,"minecraft:oak_planks":43,"minecraft:iron_sword":3,"minecraft:pumpkin":9,"minecraft:dandelion":5,"minecraft:sand":7,"minecraft:blast_furnace":1,"minecraft:white_bed":4,"minecraft:grass_block":1,"minecraft:spider_eye":1,"minecraft:diamond":9,"minecraft:stone_axe":7,"minecraft:granite":30,"minecraft:emerald":3,"minecraft:bread":214,"minecraft:oak_sapling":2,"minecraft:coal":132,"minecraft:ender_pearl":1},"minecraft:killed_by":{"minecraft:zombie":3},"minecraft:mined":{"minecraft:tuff":1,"minecraft:white_bed":4,"minecraft:deepslate_diamond_ore":3,"minecraft:granite":28,"minecraft:grass_block":303,"minecraft:jungle_log":3,"minecraft:iron_ore":63,"minecraft:fire":7,"minecraft:andesite":12,"minecraft:pumpkin":9,"minecraft:deepslate_lapis_ore":3,"minecraft:deepslate_iron_ore":3,"minecraft:stone":106,"minecraft:deepslate_redstone_ore":8,"minecraft:smoker":2,"minecraft:dandelion":1,"minecraft:crafting_table":5,"minecraft:torch":1,"minecraft:short_grass":84,"minecraft:blast_furnace":1,"minecraft:emerald_ore":3,"minecraft:calcite":5,"minecraft:melon":8,"minecraft:chest":2,"minecraft:tall_grass":6,"minecraft:copper_ore":10,"minecraft:cobblestone":13,"minecraft:deepslate_gold_ore":5,"minecraft:oak_planks":17,"minecraft:wall_torch":3,"minecraft:birch_log":5,"minecraft:wheat":7,"minecraft:oak_log":40,"minecraft:coal_ore":104,"minecraft:sand":8,"minecraft:dirt":12,"minecraft:oak_leaves":13,"minecraft:deepslate":7,"minecraft:fern":3},"minecraft:killed":{"minecraft:spider":2,"minecraft:skeleton":6,"minecraft:chicken":3,"minecraft:iron_golem":1,"minecraft:wandering_trader":1,"minecraft:creeper":1,"minecraft:sheep":3,"minecraft:trader_llama":2,"minecraft:zombie":15,"minecraft:cow":9,"minecraft:enderman":1},"minecraft:broken":{"minecraft:iron_shovel":1,"minecraft:stone_pickaxe":1,"minecraft:iron_pickaxe":1},"minecraft:custom":{"minecraft:mob_kills":48,"minecraft:interact_with_crafting_table":23,"minecraft:bell_ring":1,"minecraft:leave_game":5,"minecraft:time_since_death":104008,"minecraft:climb_one_cm":1264,"minecraft:sprint_one_cm":432671,"minecraft:walk_one_cm":305641,"minecraft:damage_blocked_by_shield":1001,"minecraft:drop":1,"minecraft:talked_to_villager":2,"minecraft:play_time":215156,"minecraft:deaths":7,"minecraft:sneak_time":5742,"minecraft:walk_under_water_one_cm":49891,"minecraft:boat_one_cm":515668,"minecraft:jump":3692,"minecraft:interact_with_blast_furnace":26,"minecraft:walk_on_water_one_cm":78234,"minecraft:total_world_time":215156,"minecraft:sleep_in_bed":13,"minecraft:time_since_rest":11445,"minecraft:damage_taken":3622,"minecraft:damage_dealt":9122,"minecraft:swim_one_cm":87253,"minecraft:fly_one_cm":559727,"minecraft:open_chest":111,"minecraft:crouch_one_cm":8287,"minecraft:interact_with_smoker":20,"minecraft:fall_one_cm":101190}},"DataVersion":3953}