{"stats":{"minecraft:mined":{"minecraft:tuff":2,"minecraft:white_bed":5,"minecraft:mossy_cobblestone":2,"minecraft:deepslate_diamond_ore":3,"minecraft:cherry_log":41,"minecraft:jungle_leaves":4,"minecraft:potted_cactus":1,"minecraft:carved_pumpkin":4,"minecraft:dark_oak_fence":12,"minecraft:granite":50,"minecraft:acacia_log":18,"minecraft:grass_block":693,"minecraft:jungle_log":22,"minecraft:spruce_leaves":18,"minecraft:hay_block":26,"minecraft:furnace":1,"minecraft:iron_ore":77,"minecraft:fire":7,"minecraft:andesite":22,"minecraft:pumpkin":9,"minecraft:deepslate_lapis_ore":3,"minecraft:vine":8,"minecraft:deepslate_iron_ore":3,"minecraft:rail":2,"minecraft:stone":379,"minecraft:deepslate_redstone_ore":8,"minecraft:sandstone_slab":1,"minecraft:cut_sandstone":2,"minecraft:acacia_leaves":4,"minecraft:jungle_door":1,"minecraft:smoker":3,"minecraft:dandelion":2,"minecraft:oak_fence":1,"minecraft:smooth_sandstone":7,"minecraft:crafting_table":7,"minecraft:torch":3,"minecraft:short_grass":140,"minecraft:blast_furnace":1,"minecraft:emerald_ore":3,"minecraft:melon":8,"minecraft:calcite":6,"minecraft:chest":11,"minecraft:copper_ore":15,"minecraft:tall_grass":7,"minecraft:cobblestone":24,"minecraft:deepslate_gold_ore":5,"minecraft:oak_planks":29,"minecraft:sugar_cane":1,"minecraft:diorite":1,"minecraft:wall_torch":5,"minecraft:cobblestone_wall":1,"minecraft:birch_log":11,"minecraft:wheat":11,"minecraft:spruce_log":12,"minecraft:birch_leaves":31,"minecraft:white_carpet":1,"minecraft:bee_nest":1,"minecraft:smooth_stone_slab":2,"minecraft:coal_ore":174,"minecraft:oak_log":48,"minecraft:cocoa":1,"minecraft:cherry_leaves":8,"minecraft:gravel":2,"minecraft:sand":14,"minecraft:dirt":44,"minecraft:cobweb":32,"minecraft:terracotta":2,"minecraft:gold_ore":5,"minecraft:deepslate":18,"minecraft:oak_leaves":27,"minecraft:fern":3},"minecraft:crafted":{"minecraft:cherry_planks":84,"minecraft:smooth_stone":24,"minecraft:oak_planks":156,"minecraft:smooth_stone_slab":12,"minecraft:cooked_chicken":1,"minecraft:furnace":4,"minecraft:stone":30,"minecraft:cooked_mutton":4,"minecraft:glass":31,"minecraft:hopper":4,"minecraft:repeater":2,"minecraft:iron_boots":2,"minecraft:iron_axe":3,"minecraft:stone_pickaxe":1,"minecraft:cobblestone_wall":6,"minecraft:chest":12,"minecraft:copper_block":4,"minecraft:smoker":1,"minecraft:wheat":117,"minecraft:cooked_beef":32,"minecraft:crafting_table":2,"minecraft:wooden_pickaxe":1,"minecraft:iron_sword":5,"minecraft:copper_ingot":31,"minecraft:bucket":1,"minecraft:birch_planks":20,"minecraft:stone_axe":1,"minecraft:bread":44,"minecraft:air":0,"minecraft:jungle_planks":64,"minecraft:oak_boat":1,"minecraft:iron_chestplate":1,"minecraft:diamond_pickaxe":1,"minecraft:shield":2,"minecraft:stick":60,"minecraft:iron_ingot":160,"minecraft:iron_pickaxe":2,"minecraft:iron_block":22,"minecraft:iron_shovel":3,"minecraft:iron_leggings":1,"minecraft:white_bed":3,"minecraft:redstone_torch":4,"minecraft:torch":100},"minecraft:killed_by":{"minecraft:player":1,"minecraft:zombie":4},"minecraft:picked_up":{"minecraft:crafting_table":10,"minecraft:cocoa_beans":6,"minecraft:iron_chestplate":8,"minecraft:wheat":72,"minecraft:sandstone_slab":1,"minecraft:ominous_bottle":1,"minecraft:chicken":3,"minecraft:flower_pot":2,"minecraft:chest_minecart":5,"minecraft:sentry_armor_trim_smithing_template":2,"minecraft:lead":10,"minecraft:enchanted_book":1,"minecraft:diamond_horse_armor":1,"minecraft:shield":10,"minecraft:cornflower":5,"minecraft:string":83,"minecraft:raw_copper":59,"minecraft:iron_axe":10,"minecraft:flint_and_steel":4,"minecraft:smooth_stone_slab":16,"minecraft:iron_leggings":2,"minecraft:white_carpet":3,"minecraft:iron_shovel":4,"minecraft:activator_rail":7,"minecraft:detector_rail":6,"minecraft:cobbled_deepslate":40,"minecraft:smooth_stone":18,"minecraft:bucket":2,"minecraft:beef":20,"minecraft:oak_boat":24,"minecraft:calcite":13,"minecraft:poppy":16,"minecraft:iron_pickaxe":9,"minecraft:melon_slice":62,"minecraft:sugar_cane":1,"minecraft:chest":12,"minecraft:birch_sapling":2,"minecraft:furnace":1,"minecraft:iron_boots":5,"minecraft:egg":26,"minecraft:raw_iron":118,"minecraft:stick":23,"minecraft:jungle_door":2,"minecraft:copper_ingot":14,"minecraft:oak_fence":1,"minecraft:torch":85,"minecraft:acacia_log":19,"minecraft:cherry_log":43,"minecraft:diorite":1,"minecraft:redstone":216,"minecraft:iron_horse_armor":1,"minecraft:goat_horn":1,"minecraft:cactus":1,"minecraft:arrow":38,"minecraft:rotten_flesh":106,"minecraft:beetroot_seeds":12,"minecraft:hay_block":25,"minecraft:carved_pumpkin":4,"minecraft:saddle":1,"minecraft:mutton":10,"minecraft:rail":96,"minecraft:white_wool":12,"minecraft:cobblestone":649,"minecraft:oxeye_daisy":1,"minecraft:birch_log":11,"minecraft:pink_petals":1,"minecraft:feather":12,"minecraft:cooked_beef":2,"minecraft:repeater":2,"minecraft:jungle_log":22,"minecraft:water_bucket":6,"minecraft:andesite":43,"minecraft:leather":29,"minecraft:cut_sandstone":4,"minecraft:smoker":3,"minecraft:potato":2,"minecraft:filled_map":1,"minecraft:flint":1,"minecraft:tuff":5,"minecraft:smooth_sandstone_stairs":2,"minecraft:oak_log":51,"minecraft:cobblestone_wall":6,"minecraft:gunpowder":22,"minecraft:lapis_lazuli":19,"minecraft:dirt":856,"minecraft:white_banner":1,"minecraft:name_tag":4,"minecraft:cooked_mutton":3,"minecraft:smooth_sandstone":8,"minecraft:glass":31,"minecraft:bone":60,"minecraft:kelp":13,"minecraft:bow":1,"minecraft:wheat_seeds":268,"minecraft:raw_gold":20,"minecraft:iron_ingot":72,"minecraft:cooked_chicken":2,"minecraft:powered_rail":4,"minecraft:iron_sword":7,"minecraft:oak_planks":49,"minecraft:pumpkin":9,"minecraft:dandelion":11,"minecraft:gravel":5,"minecraft:lava_bucket":1,"minecraft:sand":180,"minecraft:ink_sac":2,"minecraft:spruce_sapling":2,"minecraft:dead_bush":2,"minecraft:blast_furnace":1,"minecraft:spruce_log":11,"minecraft:white_bed":5,"minecraft:grass_block":2,"minecraft:dark_oak_log":4,"minecraft:spider_eye":6,"minecraft:mossy_cobblestone":2,"minecraft:pumpkin_seeds":10,"minecraft:diamond":9,"minecraft:stone_axe":9,"minecraft:crossbow":1,"minecraft:granite":66,"minecraft:cherry_sapling":5,"minecraft:golden_apple":1,"minecraft:emerald":13,"minecraft:golden_horse_armor":1,"minecraft:bread":241,"minecraft:terracotta":2,"minecraft:oak_sapling":15,"minecraft:melon_seeds":19,"minecraft:dark_oak_fence":12,"minecraft:coal":282,"minecraft:hopper":4,"minecraft:diamond_pickaxe":3,"minecraft:ender_pearl":1},"minecraft:custom":{"minecraft:mob_kills":110,"minecraft:interact_with_crafting_table":55,"minecraft:bell_ring":1,"minecraft:leave_game":18,"minecraft:time_since_death":182467,"minecraft:climb_one_cm":2289,"minecraft:sprint_one_cm":1138287,"minecraft:walk_one_cm":714570,"minecraft:damage_blocked_by_shield":4637,"minecraft:drop":34,"minecraft:talked_to_villager":2,"minecraft:play_time":531891,"minecraft:sneak_time":10049,"minecraft:deaths":10,"minecraft:walk_under_water_one_cm":78358,"minecraft:boat_one_cm":1267417,"minecraft:jump":7863,"minecraft:interact_with_blast_furnace":32,"minecraft:walk_on_water_one_cm":131455,"minecraft:total_world_time":531891,"minecraft:interact_with_furnace":23,"minecraft:sleep_in_bed":32,"minecraft:time_since_rest":20282,"minecraft:damage_taken":6680,"minecraft:damage_dealt":21486,"minecraft:player_kills":2,"minecraft:swim_one_cm":118871,"minecraft:fly_one_cm":1347524,"minecraft:open_chest":435,"minecraft:crouch_one_cm":19619,"minecraft:fall_one_cm":204351,"minecraft:horse_one_cm":805260,"minecraft:interact_with_smoker":22},"minecraft:broken":{"minecraft:iron_shovel":3,"minecraft:stone_pickaxe":1,"minecraft:iron_axe":1,"minecraft:iron_pickaxe":2},"minecraft:used":{"minecraft:iron_shovel":709,"minecraft:flint_and_steel":1,"minecraft:chest":14,"minecraft:shield":225,"minecraft:iron_sword":239,"minecraft:cooked_chicken":3,"minecraft:rotten_flesh":52,"minecraft:iron_chestplate":6,"minecraft:torch":137,"minecraft:dirt":129,"minecraft:cobblestone_wall":1,"minecraft:tuff":1,"minecraft:granite":20,"minecraft:iron_axe":354,"minecraft:smooth_sandstone":8,"minecraft:iron_boots":4,"minecraft:bow":5,"minecraft:goat_horn":6,"minecraft:furnace":3,"minecraft:egg":6,"minecraft:cooked_beef":28,"minecraft:cobbled_deepslate":14,"minecraft:calcite":1,"minecraft:cooked_mutton":4,"minecraft:wheat_seeds":9,"minecraft:water_bucket":98,"minecraft:lead":1,"minecraft:stone_pickaxe":132,"minecraft:oak_planks":88,"minecraft:cut_sandstone":4,"minecraft:wooden_pickaxe":7,"minecraft:cherry_planks":1,"minecraft:sand":24,"minecraft:blast_furnace":1,"minecraft:crafting_table":8,"minecraft:white_bed":8,"minecraft:smoker":4,"minecraft:diamond_pickaxe":204,"minecraft:iron_pickaxe":498,"minecraft:bread":29,"minecraft:melon_slice":29,"minecraft:map":1,"minecraft:stone_axe":112,"minecraft:cobblestone":86,"minecraft:andesite":12,"minecraft:bucket":98,"minecraft:oak_boat":16},"minecraft:dropped":{"minecraft:iron_ingot":1,"minecraft:water_bucket":2,"minecraft:bread":15,"minecraft:iron_sword":2,"minecraft:cooked_beef":5,"minecraft:saddle":1,"minecraft:stick":10,"minecraft:torch":1,"minecraft:melon_slice":63,"minecraft:dead_bush":1,"minecraft:iron_axe":4,"minecraft:iron_pickaxe":2,"minecraft:iron_shovel":3,"minecraft:bone":12,"minecraft:shield":2,"minecraft:iron_chestplate":1},"minecraft:killed":{"minecraft:cave_spider":4,"minecraft:spider":8,"minecraft:skeleton":17,"minecraft:chicken":3,"minecraft:zombie_villager":1,"minecraft:iron_golem":1,"minecraft:wandering_trader":1,"minecraft:squid":1,"minecraft:creeper":3,"minecraft:sheep":4,"minecraft:trader_llama":2,"minecraft:pillager":14,"minecraft:zombie":33,"minecraft:enderman":1,"minecraft:cow":10}},"DataVersion":3953}