{"stats":{"minecraft:crafted":{"minecraft:oak_planks":156,"minecraft:smooth_stone":24,"minecraft:cooked_chicken":6,"minecraft:stone":30,"minecraft:cooked_mutton":6,"minecraft:glass":31,"minecraft:hopper":4,"minecraft:repeater":2,"minecraft:bow":3,"minecraft:iron_boots":2,"minecraft:chest":18,"minecraft:copper_block":4,"minecraft:smoker":3,"minecraft:cauldron":1,"minecraft:cooked_porkchop":20,"minecraft:crafting_table":8,"minecraft:wooden_pickaxe":2,"minecraft:iron_helmet":1,"minecraft:copper_ingot":31,"minecraft:birch_planks":20,"minecraft:iron_chestplate":2,"minecraft:diamond_pickaxe":1,"minecraft:shield":4,"minecraft:stick":240,"minecraft:iron_ingot":373,"minecraft:iron_pickaxe":6,"minecraft:iron_block":39,"minecraft:gold_ingot":5,"minecraft:redstone_torch":4,"minecraft:cherry_planks":168,"minecraft:smooth_stone_slab":12,"minecraft:furnace":8,"minecraft:iron_axe":5,"minecraft:stone_pickaxe":2,"minecraft:cobblestone_wall":6,"minecraft:wheat":207,"minecraft:cooked_beef":56,"minecraft:iron_sword":7,"minecraft:bucket":3,"minecraft:stone_axe":3,"minecraft:acacia_boat":1,"minecraft:bread":74,"minecraft:air":0,"minecraft:jungle_planks":72,"minecraft:oak_boat":1,"minecraft:iron_shovel":4,"minecraft:iron_leggings":2,"minecraft:anvil":1,"minecraft:white_bed":3,"minecraft:acacia_planks":12,"minecraft:torch":280},"minecraft:killed":{"minecraft:cave_spider":5,"minecraft:spider":15,"minecraft:skeleton":33,"minecraft:chicken":8,"minecraft:pig":10,"minecraft:zombie_villager":1,"minecraft:salmon":7,"minecraft:iron_golem":1,"minecraft:creeper":6,"minecraft:sheep":4,"minecraft:trader_llama":2,"minecraft:pillager":33,"minecraft:zombie":51,"minecraft:blaze":11,"minecraft:cow":18,"minecraft:drowned":2,"minecraft:wandering_trader":1,"minecraft:squid":1,"minecraft:enderman":4},"minecraft:dropped":{"minecraft:acacia_boat":1,"minecraft:iron_sword":5,"minecraft:porkchop":2,"minecraft:cooked_beef":14,"minecraft:cooked_porkchop":3,"minecraft:saddle":1,"minecraft:emerald":1,"minecraft:cobblestone_stairs":1,"minecraft:dirt":37,"minecraft:dark_oak_log":3,"minecraft:cornflower":3,"minecraft:gold_nugget":4,"minecraft:sand":4,"minecraft:iron_pickaxe":6,"minecraft:bone":12,"minecraft:blackstone":6,"minecraft:rotten_flesh":9,"minecraft:cooked_mutton":1,"minecraft:chest":1,"minecraft:basalt":7,"minecraft:beef":2,"minecraft:water_bucket":2,"minecraft:iron_ingot":20,"minecraft:bread":52,"minecraft:wheat_seeds":9,"minecraft:poisonous_potato":3,"minecraft:feather":5,"minecraft:iron_helmet":1,"minecraft:cobblestone":16,"minecraft:stick":10,"minecraft:torch":1,"minecraft:melon_slice":63,"minecraft:iron_leggings":1,"minecraft:dead_bush":1,"minecraft:iron_axe":6,"minecraft:iron_shovel":3,"minecraft:pink_petals":3,"minecraft:tripwire_hook":1,"minecraft:bucket":1,"minecraft:bricks":1,"minecraft:cocoa_beans":2,"minecraft:chicken":4,"minecraft:iron_boots":1,"minecraft:smoker":1,"minecraft:stone":8,"minecraft:shield":6,"minecraft:allium":1,"minecraft:iron_chestplate":1,"minecraft:diamond_pickaxe":1,"minecraft:golden_leggings":2,"minecraft:oak_sapling":1,"minecraft:spider_eye":1,"minecraft:bamboo":17},"minecraft:killed_by":{"minecraft:pillager":2,"minecraft:magma_cube":2,"minecraft:blaze":4,"minecraft:zombie":4,"minecraft:player":1},"minecraft:mined":{"minecraft:spruce_planks":1,"minecraft:white_bed":11,"minecraft:cobblestone_stairs":1,"minecraft:cherry_log":78,"minecraft:jungle_leaves":4,"minecraft:potted_cactus":2,"minecraft:obsidian":21,"minecraft:carved_pumpkin":4,"minecraft:granite":52,"minecraft:acacia_log":21,"minecraft:grass_block":808,"minecraft:jungle_log":26,"minecraft:chiseled_stone_bricks":3,"minecraft:magma_block":3,"minecraft:iron_ore":126,"minecraft:sticky_piston":1,"minecraft:fire":32,"minecraft:pumpkin":9,"minecraft:deepslate_lapis_ore":3,"minecraft:pointed_dripstone":2,"minecraft:water_cauldron":1,"minecraft:dirt_path":7,"minecraft:oak_stairs":2,"minecraft:tripwire":5,"minecraft:piston_head":2,"minecraft:sandstone_slab":1,"minecraft:deepslate_redstone_ore":8,"minecraft:cut_sandstone":2,"minecraft:jungle_door":1,"minecraft:blackstone":59,"minecraft:smoker":6,"minecraft:torch":5,"minecraft:blast_furnace":2,"minecraft:calcite":6,"minecraft:melon":8,"minecraft:chest":39,"minecraft:cobblestone":58,"minecraft:oak_planks":30,"minecraft:sugar_cane":1,"minecraft:bricks":1,"minecraft:wall_torch":10,"minecraft:pink_petals":1,"minecraft:white_terracotta":2,"minecraft:repeater":1,"minecraft:birch_log":11,"minecraft:wheat":11,"minecraft:smooth_stone_slab":2,"minecraft:oak_log":52,"minecraft:sand":18,"minecraft:dirt":199,"minecraft:tripwire_hook":3,"minecraft:dispenser":2,"minecraft:deepslate":23,"minecraft:oak_leaves":43,"minecraft:tuff":2,"minecraft:mossy_cobblestone":13,"minecraft:deepslate_diamond_ore":3,"minecraft:nether_bricks":34,"minecraft:dark_oak_fence":18,"minecraft:allium":1,"minecraft:redstone_wire":13,"minecraft:spruce_leaves":18,"minecraft:cartography_table":1,"minecraft:hay_block":26,"minecraft:furnace":6,"minecraft:snow":1,"minecraft:andesite":22,"minecraft:gold_block":3,"minecraft:bookshelf":9,"minecraft:deepslate_iron_ore":3,"minecraft:vine":17,"minecraft:rail":2,"minecraft:bamboo":3,"minecraft:stone":857,"minecraft:acacia_leaves":4,"minecraft:cherry_planks":1,"minecraft:snow_block":93,"minecraft:basalt":69,"minecraft:dandelion":2,"minecraft:oak_fence":3,"minecraft:smooth_sandstone":7,"minecraft:crafting_table":18,"minecraft:cornflower":84,"minecraft:short_grass":347,"minecraft:emerald_ore":5,"minecraft:lectern":1,"minecraft:copper_ore":15,"minecraft:tall_grass":104,"minecraft:deepslate_gold_ore":5,"minecraft:diorite":7,"minecraft:cobblestone_wall":1,"minecraft:ice":1,"minecraft:white_carpet":1,"minecraft:spruce_log":12,"minecraft:birch_leaves":31,"minecraft:bee_nest":1,"minecraft:yellow_bed":5,"minecraft:coal_ore":278,"minecraft:cocoa":1,"minecraft:cherry_leaves":22,"minecraft:gravel":8,"minecraft:cobweb":32,"minecraft:terracotta":2,"minecraft:gold_ore":5,"minecraft:fern":5},"minecraft:custom":{"minecraft:interact_with_crafting_table":102,"minecraft:bell_ring":1,"minecraft:leave_game":27,"minecraft:time_since_death":145898,"minecraft:sprint_one_cm":2531379,"minecraft:damage_blocked_by_shield":7939,"minecraft:drop":123,"minecraft:talked_to_villager":7,"minecraft:play_time":1045658,"minecraft:deaths":21,"minecraft:jump":17479,"minecraft:walk_on_water_one_cm":168566,"minecraft:interact_with_furnace":52,"minecraft:sleep_in_bed":61,"minecraft:damage_dealt":40551,"minecraft:player_kills":5,"minecraft:crouch_one_cm":102855,"minecraft:interact_with_smoker":38,"minecraft:use_cauldron":1,"minecraft:horse_one_cm":1975362,"minecraft:interact_with_anvil":2,"minecraft:mob_kills":227,"minecraft:fill_cauldron":2,"minecraft:climb_one_cm":9104,"minecraft:walk_one_cm":1380541,"minecraft:sneak_time":38630,"minecraft:walk_under_water_one_cm":112546,"minecraft:boat_one_cm":2042856,"minecraft:interact_with_blast_furnace":37,"minecraft:total_world_time":1045658,"minecraft:time_since_rest":7878,"minecraft:damage_taken":15922,"minecraft:swim_one_cm":269588,"minecraft:fly_one_cm":3263784,"minecraft:open_chest":840,"minecraft:fall_one_cm":469375},"minecraft:used":{"minecraft:iron_shovel":959,"minecraft:chest":48,"minecraft:white_terracotta":2,"minecraft:iron_sword":438,"minecraft:shield":366,"minecraft:stone":6,"minecraft:rotten_flesh":75,"minecraft:iron_chestplate":6,"minecraft:nether_bricks":57,"minecraft:tuff":1,"minecraft:snowball":90,"minecraft:obsidian":31,"minecraft:iron_helmet":1,"minecraft:bow":20,"minecraft:oak_sapling":1,"minecraft:furnace":7,"minecraft:gold_block":1,"minecraft:egg":7,"minecraft:diorite":2,"minecraft:stone_pickaxe":258,"minecraft:oak_planks":89,"minecraft:blackstone":54,"minecraft:wooden_pickaxe":11,"minecraft:sand":24,"minecraft:blast_furnace":2,"minecraft:melon_slice":29,"minecraft:bread":98,"minecraft:gravel":4,"minecraft:andesite":12,"minecraft:oak_boat":18,"minecraft:oak_fence":3,"minecraft:cherry_boat":4,"minecraft:flint_and_steel":1,"minecraft:spruce_planks":1,"minecraft:cooked_salmon":1,"minecraft:cooked_chicken":8,"minecraft:torch":309,"minecraft:dirt":500,"minecraft:anvil":1,"minecraft:cobblestone_wall":1,"minecraft:granite":24,"minecraft:iron_axe":604,"minecraft:oak_stairs":1,"minecraft:smooth_sandstone":8,"minecraft:jungle_log":2,"minecraft:iron_boots":4,"minecraft:basalt":49,"minecraft:goat_horn":12,"minecraft:cooked_beef":55,"minecraft:cobbled_deepslate":14,"minecraft:iron_leggings":3,"minecraft:calcite":1,"minecraft:wheat_seeds":9,"minecraft:cooked_mutton":8,"minecraft:water_bucket":110,"minecraft:acacia_boat":5,"minecraft:lead":2,"minecraft:cut_sandstone":4,"minecraft:cherry_planks":1,"minecraft:cauldron":2,"minecraft:crafting_table":25,"minecraft:white_bed":13,"minecraft:smoker":8,"minecraft:cornflower":2,"minecraft:diamond_pickaxe":429,"minecraft:iron_pickaxe":1084,"minecraft:suspicious_stew":1,"minecraft:map":1,"minecraft:stone_axe":148,"minecraft:pink_petals":3,"minecraft:cobblestone":292,"minecraft:cooked_porkchop":14,"minecraft:bucket":111,"minecraft:yellow_bed":5},"minecraft:picked_up":{"minecraft:iron_chestplate":10,"minecraft:wheat":163,"minecraft:flower_pot":3,"minecraft:sentry_armor_trim_smithing_template":8,"minecraft:lead":12,"minecraft:oak_stairs":2,"minecraft:enchanted_book":2,"minecraft:brewing_stand":2,"minecraft:golden_sword":1,"minecraft:string":172,"minecraft:raw_copper":87,"minecraft:cooked_salmon":1,"minecraft:smooth_stone_slab":16,"minecraft:iron_leggings":7,"minecraft:sticky_piston":3,"minecraft:experience_bottle":3,"minecraft:activator_rail":7,"minecraft:cherry_boat":5,"minecraft:cobbled_deepslate":51,"minecraft:gold_nugget":12,"minecraft:smooth_stone":18,"minecraft:bucket":6,"minecraft:spruce_planks":1,"minecraft:calcite":13,"minecraft:iron_pickaxe":21,"minecraft:melon_slice":62,"minecraft:furnace":8,"minecraft:iron_boots":11,"minecraft:stick":52,"minecraft:jungle_door":2,"minecraft:oak_fence":5,"minecraft:torch":136,"minecraft:acacia_log":22,"minecraft:porkchop":32,"minecraft:cherry_log":93,"minecraft:pointed_dripstone":22,"minecraft:diorite":11,"minecraft:cauldron":1,"minecraft:goat_horn":5,"minecraft:stone_sword":1,"minecraft:cactus":2,"minecraft:rotten_flesh":197,"minecraft:armadillo_scute":1,"minecraft:carved_pumpkin":4,"minecraft:white_terracotta":2,"minecraft:blaze_rod":11,"minecraft:obsidian":45,"minecraft:snowball":333,"minecraft:cobblestone":1163,"minecraft:birch_log":11,"minecraft:magma_block":5,"minecraft:pink_petals":146,"minecraft:feather":50,"minecraft:cooked_beef":14,"minecraft:repeater":3,"minecraft:cherry_planks":73,"minecraft:water_bucket":9,"minecraft:andesite":81,"minecraft:jungle_log":26,"minecraft:golden_leggings":5,"minecraft:smoker":7,"minecraft:potato":38,"minecraft:flint":3,"minecraft:tuff":7,"minecraft:smooth_sandstone_stairs":2,"minecraft:acacia_boat":6,"minecraft:cherry_door":2,"minecraft:lapis_lazuli":19,"minecraft:dirt":1255,"minecraft:name_tag":4,"minecraft:leather_boots":1,"minecraft:bone":167,"minecraft:glass":31,"minecraft:stonecutter":2,"minecraft:bow":11,"minecraft:wheat_seeds":339,"minecraft:raw_gold":25,"minecraft:bamboo":22,"minecraft:powered_rail":4,"minecraft:oak_planks":50,"minecraft:cooked_porkchop":4,"minecraft:poisonous_potato":9,"minecraft:sand":184,"minecraft:ink_sac":5,"minecraft:dead_bush":2,"minecraft:grass_block":5,"minecraft:dark_oak_log":16,"minecraft:mossy_cobblestone":13,"minecraft:dispenser":2,"minecraft:diamond":9,"minecraft:lever":3,"minecraft:crossbow":4,"minecraft:granite":74,"minecraft:golden_apple":1,"minecraft:emerald":26,"minecraft:golden_horse_armor":1,"minecraft:bread":343,"minecraft:oak_sapling":22,"minecraft:bricks":2,"minecraft:dark_oak_fence":12,"minecraft:diamond_pickaxe":7,"minecraft:cocoa_beans":8,"minecraft:crafting_table":22,"minecraft:allium":1,"minecraft:sandstone_slab":1,"minecraft:ominous_bottle":4,"minecraft:chicken":21,"minecraft:chest_minecart":5,"minecraft:wooden_pickaxe":2,"minecraft:gold_block":3,"minecraft:diamond_horse_armor":1,"minecraft:shield":18,"minecraft:cornflower":107,"minecraft:iron_axe":19,"minecraft:flint_and_steel":7,"minecraft:white_carpet":3,"minecraft:iron_shovel":6,"minecraft:blackstone":80,"minecraft:cartography_table":1,"minecraft:detector_rail":6,"minecraft:beef":63,"minecraft:oak_boat":28,"minecraft:jungle_sapling":2,"minecraft:iron_nugget":80,"minecraft:poppy":16,"minecraft:lectern":1,"minecraft:sugar_cane":1,"minecraft:chest":41,"minecraft:birch_sapling":2,"minecraft:egg":39,"minecraft:raw_iron":167,"minecraft:stone":17,"minecraft:oak_door":6,"minecraft:copper_ingot":14,"minecraft:bowl":2,"minecraft:fire_charge":3,"minecraft:carrot":36,"minecraft:redstone":229,"minecraft:iron_horse_armor":1,"minecraft:arrow":198,"minecraft:beetroot_seeds":12,"minecraft:nether_bricks":59,"minecraft:hay_block":25,"minecraft:saddle":1,"minecraft:gold_ingot":6,"minecraft:mutton":10,"minecraft:rail":96,"minecraft:white_wool":17,"minecraft:oxeye_daisy":1,"minecraft:clock":2,"minecraft:basalt":113,"minecraft:glow_ink_sac":3,"minecraft:tripwire_hook":5,"minecraft:salmon":11,"minecraft:cut_sandstone":4,"minecraft:leather":72,"minecraft:filled_map":3,"minecraft:oak_log":58,"minecraft:yellow_bed":5,"minecraft:cobblestone_wall":6,"minecraft:gunpowder":42,"minecraft:cobblestone_stairs":1,"minecraft:paper":15,"minecraft:white_banner":3,"minecraft:cooked_mutton":6,"minecraft:smooth_sandstone":8,"minecraft:apple":8,"minecraft:kelp":96,"minecraft:wild_armor_trim_smithing_template":2,"minecraft:iron_ingot":171,"minecraft:cooked_chicken":2,"minecraft:iron_sword":20,"minecraft:book":54,"minecraft:pumpkin":9,"minecraft:chiseled_stone_bricks":3,"minecraft:dandelion":11,"minecraft:dripstone_block":20,"minecraft:gravel":13,"minecraft:lava_bucket":1,"minecraft:spruce_sapling":2,"minecraft:blast_furnace":4,"minecraft:white_bed":13,"minecraft:spruce_log":11,"minecraft:spider_eye":19,"minecraft:pumpkin_seeds":10,"minecraft:stone_axe":9,"minecraft:iron_helmet":5,"minecraft:cherry_sapling":14,"minecraft:terracotta":2,"minecraft:black_wool":1,"minecraft:melon_seeds":19,"minecraft:coal":483,"minecraft:hopper":4,"minecraft:ender_pearl":6},"minecraft:broken":{"minecraft:iron_shovel":4,"minecraft:stone_pickaxe":2,"minecraft:iron_axe":2,"minecraft:iron_pickaxe":4}},"DataVersion":3953}