{"stats":{"minecraft:mined":{"minecraft:tall_grass":2,"minecraft:jungle_log":2,"minecraft:oak_leaves":7},"minecraft:picked_up":{"minecraft:stick":1,"minecraft:jungle_log":2},"minecraft:custom":{"minecraft:jump":75,"minecraft:time_since_rest":3581,"minecraft:leave_game":1,"minecraft:play_time":3581,"minecraft:sprint_one_cm":7830,"minecraft:time_since_death":3581,"minecraft:walk_one_cm":1623,"minecraft:total_world_time":3581,"minecraft:fall_one_cm":1521,"minecraft:fly_one_cm":21597}},"DataVersion":3953}