{"stats":{"minecraft:used":{"minecraft:cooked_mutton":2,"minecraft:diorite":4,"minecraft:stone_pickaxe":131,"minecraft:wooden_pickaxe":34,"minecraft:shield":3,"minecraft:torch":41,"minecraft:glow_berries":4,"minecraft:dirt":1,"minecraft:crafting_table":4,"minecraft:spruce_boat":1,"minecraft:iron_pickaxe":113,"minecraft:stone_axe":61,"minecraft:cobblestone":10,"minecraft:furnace":3},"minecraft:crafted":{"minecraft:oak_planks":20,"minecraft:crafting_table":2,"minecraft:spruce_planks":12,"minecraft:wooden_pickaxe":1,"minecraft:furnace":2,"minecraft:stone_axe":1,"minecraft:cooked_mutton":3,"minecraft:air":0,"minecraft:shield":1,"minecraft:stick":20,"minecraft:iron_ingot":4,"minecraft:stone_pickaxe":1,"minecraft:iron_pickaxe":1,"minecraft:spruce_boat":1,"minecraft:torch":48},"minecraft:picked_up":{"minecraft:crafting_table":2,"minecraft:clay_ball":88,"minecraft:wooden_pickaxe":1,"minecraft:oak_log":5,"minecraft:shield":1,"minecraft:string":2,"minecraft:dirt":11,"minecraft:bone":4,"minecraft:wheat_seeds":2,"minecraft:iron_ingot":3,"minecraft:moss_block":7,"minecraft:oak_planks":1,"minecraft:furnace":1,"minecraft:raw_iron":10,"minecraft:stick":2,"minecraft:torch":1,"minecraft:dandelion":4,"minecraft:spruce_sapling":3,"minecraft:pointed_dripstone":1,"minecraft:diorite":16,"minecraft:spruce_log":49,"minecraft:mossy_cobblestone":2,"minecraft:arrow":4,"minecraft:stone_axe":1,"minecraft:granite":9,"minecraft:black_wool":1,"minecraft:glow_berries":8,"minecraft:mutton":3,"minecraft:coal":34,"minecraft:white_wool":1,"minecraft:cobblestone":312},"minecraft:mined":{"minecraft:mossy_cobblestone":2,"minecraft:dandelion":2,"minecraft:clay":23,"minecraft:crafting_table":2,"minecraft:cave_vines_plant":1,"minecraft:granite":9,"minecraft:short_grass":3,"minecraft:grass_block":4,"minecraft:spruce_leaves":10,"minecraft:moss_block":5,"minecraft:diorite":9,"minecraft:furnace":1,"minecraft:iron_ore":10,"minecraft:spruce_log":43,"minecraft:pointed_dripstone":1,"minecraft:coal_ore":28,"minecraft:oak_log":5,"minecraft:dirt":3,"minecraft:stone":209,"minecraft:oak_leaves":1},"minecraft:killed":{"minecraft:spider":1,"minecraft:sheep":2,"minecraft:skeleton":1},"minecraft:broken":{"minecraft:stone_pickaxe":1},"minecraft:custom":{"minecraft:interact_with_furnace":9,"minecraft:mob_kills":4,"minecraft:interact_with_crafting_table":9,"minecraft:time_since_death":24245,"minecraft:climb_one_cm":2785,"minecraft:time_since_rest":24279,"minecraft:sprint_one_cm":91830,"minecraft:damage_taken":683,"minecraft:walk_one_cm":119604,"minecraft:damage_blocked_by_shield":120,"minecraft:damage_dealt":549,"minecraft:swim_one_cm":926,"minecraft:fly_one_cm":95106,"minecraft:crouch_one_cm":4827,"minecraft:play_time":45937,"minecraft:deaths":2,"minecraft:sneak_time":2482,"minecraft:walk_under_water_one_cm":2515,"minecraft:boat_one_cm":38245,"minecraft:jump":850,"minecraft:walk_on_water_one_cm":7522,"minecraft:total_world_time":45937,"minecraft:fall_one_cm":23135}},"DataVersion":3953}