{"stats":{"minecraft:used":{"minecraft:stone_pickaxe":56,"minecraft:wooden_pickaxe":12,"minecraft:torch":1,"minecraft:stone_axe":1,"minecraft:dirt":1,"minecraft:crafting_table":2,"minecraft:furnace":1},"minecraft:crafted":{"minecraft:oak_planks":20,"minecraft:crafting_table":1,"minecraft:stick":12,"minecraft:iron_ingot":2,"minecraft:wooden_pickaxe":1,"minecraft:stone_pickaxe":1,"minecraft:furnace":1,"minecraft:torch":8,"minecraft:stone_axe":1,"minecraft:air":0},"minecraft:picked_up":{"minecraft:raw_iron":4,"minecraft:crafting_table":1,"minecraft:dandelion":2,"minecraft:oak_log":5,"minecraft:spruce_log":6,"minecraft:dirt":5,"minecraft:wheat_seeds":1,"minecraft:coal":4,"minecraft:cobblestone":56},"minecraft:mined":{"minecraft:iron_ore":4,"minecraft:spruce_log":6,"minecraft:dandelion":2,"minecraft:crafting_table":1,"minecraft:short_grass":2,"minecraft:oak_log":5,"minecraft:grass_block":2,"minecraft:coal_ore":4,"minecraft:dirt":3,"minecraft:spruce_leaves":1,"minecraft:stone":58,"minecraft:oak_leaves":1},"minecraft:custom":{"minecraft:time_since_rest":9937,"minecraft:interact_with_furnace":3,"minecraft:sprint_one_cm":25052,"minecraft:damage_taken":50,"minecraft:walk_one_cm":13628,"minecraft:interact_with_crafting_table":5,"minecraft:fly_one_cm":41300,"minecraft:crouch_one_cm":451,"minecraft:play_time":9937,"minecraft:sneak_time":150,"minecraft:jump":190,"minecraft:time_since_death":9937,"minecraft:total_world_time":9937,"minecraft:fall_one_cm":6665}},"DataVersion":3953}