{"stats":{"minecraft:crafted":{"minecraft:oak_planks":156,"minecraft:smooth_stone":24,"minecraft:cooked_chicken":6,"minecraft:stone":30,"minecraft:cooked_mutton":6,"minecraft:glass":31,"minecraft:hopper":4,"minecraft:repeater":2,"minecraft:bow":3,"minecraft:iron_boots":2,"minecraft:chest":18,"minecraft:copper_block":4,"minecraft:smoker":3,"minecraft:cauldron":1,"minecraft:cooked_porkchop":20,"minecraft:crafting_table":8,"minecraft:wooden_pickaxe":2,"minecraft:iron_helmet":1,"minecraft:copper_ingot":31,"minecraft:birch_planks":20,"minecraft:iron_chestplate":2,"minecraft:diamond_pickaxe":1,"minecraft:shield":4,"minecraft:stick":240,"minecraft:iron_ingot":378,"minecraft:iron_pickaxe":6,"minecraft:iron_block":39,"minecraft:gold_ingot":5,"minecraft:redstone_torch":4,"minecraft:cherry_planks":168,"minecraft:smooth_stone_slab":12,"minecraft:furnace":8,"minecraft:iron_axe":5,"minecraft:stone_pickaxe":2,"minecraft:cobblestone_wall":6,"minecraft:wheat":207,"minecraft:cooked_beef":56,"minecraft:iron_sword":7,"minecraft:bucket":3,"minecraft:stone_axe":3,"minecraft:acacia_boat":1,"minecraft:bread":74,"minecraft:air":0,"minecraft:jungle_planks":72,"minecraft:oak_boat":1,"minecraft:iron_shovel":4,"minecraft:iron_leggings":2,"minecraft:anvil":1,"minecraft:white_bed":3,"minecraft:acacia_planks":12,"minecraft:torch":320},"minecraft:killed":{"minecraft:cave_spider":9,"minecraft:spider":15,"minecraft:skeleton":34,"minecraft:chicken":8,"minecraft:pig":16,"minecraft:zombie_villager":1,"minecraft:salmon":7,"minecraft:iron_golem":1,"minecraft:creeper":6,"minecraft:sheep":4,"minecraft:trader_llama":2,"minecraft:pillager":34,"minecraft:zombie":52,"minecraft:blaze":11,"minecraft:cow":18,"minecraft:drowned":2,"minecraft:wandering_trader":1,"minecraft:squid":1,"minecraft:enderman":4},"minecraft:dropped":{"minecraft:acacia_boat":1,"minecraft:iron_sword":5,"minecraft:porkchop":2,"minecraft:cooked_beef":14,"minecraft:cooked_porkchop":3,"minecraft:chest_minecart":1,"minecraft:saddle":1,"minecraft:emerald":1,"minecraft:cobblestone_stairs":1,"minecraft:dirt":37,"minecraft:dark_oak_log":3,"minecraft:cornflower":3,"minecraft:gold_nugget":4,"minecraft:sand":4,"minecraft:iron_pickaxe":7,"minecraft:bone":12,"minecraft:stone_axe":1,"minecraft:blackstone":6,"minecraft:rotten_flesh":9,"minecraft:cooked_mutton":1,"minecraft:beetroot_seeds":1,"minecraft:chest":1,"minecraft:basalt":7,"minecraft:beef":2,"minecraft:water_bucket":2,"minecraft:iron_ingot":20,"minecraft:bread":52,"minecraft:wheat_seeds":9,"minecraft:poisonous_potato":3,"minecraft:feather":5,"minecraft:iron_helmet":1,"minecraft:cobblestone":16,"minecraft:stick":10,"minecraft:torch":1,"minecraft:melon_slice":63,"minecraft:iron_leggings":1,"minecraft:dead_bush":1,"minecraft:iron_axe":6,"minecraft:iron_shovel":3,"minecraft:string":2,"minecraft:pink_petals":3,"minecraft:tripwire_hook":1,"minecraft:bucket":1,"minecraft:bricks":1,"minecraft:cocoa_beans":2,"minecraft:chicken":4,"minecraft:iron_boots":1,"minecraft:smoker":1,"minecraft:stone":8,"minecraft:shield":6,"minecraft:allium":1,"minecraft:iron_chestplate":1,"minecraft:diamond_pickaxe":1,"minecraft:golden_leggings":2,"minecraft:oak_sapling":1,"minecraft:spider_eye":2,"minecraft:bamboo":17},"minecraft:killed_by":{"minecraft:pillager":2,"minecraft:magma_cube":2,"minecraft:blaze":4,"minecraft:zombie":5,"minecraft:player":1},"minecraft:mined":{"minecraft:spruce_planks":1,"minecraft:white_bed":17,"minecraft:cherry_log":78,"minecraft:cobblestone_stairs":1,"minecraft:jungle_leaves":4,"minecraft:potted_cactus":2,"minecraft:obsidian":21,"minecraft:carved_pumpkin":4,"minecraft:granite":53,"minecraft:acacia_log":21,"minecraft:grass_block":808,"minecraft:jungle_log":26,"minecraft:chiseled_stone_bricks":3,"minecraft:magma_block":3,"minecraft:iron_ore":126,"minecraft:sticky_piston":1,"minecraft:fire":32,"minecraft:pumpkin":9,"minecraft:anvil":1,"minecraft:deepslate_lapis_ore":3,"minecraft:pointed_dripstone":2,"minecraft:water_cauldron":1,"minecraft:dirt_path":7,"minecraft:oak_stairs":2,"minecraft:tripwire":5,"minecraft:piston_head":2,"minecraft:deepslate_redstone_ore":8,"minecraft:sandstone_slab":1,"minecraft:cut_sandstone":2,"minecraft:jungle_door":1,"minecraft:blackstone":59,"minecraft:smoker":7,"minecraft:torch":7,"minecraft:blast_furnace":2,"minecraft:calcite":6,"minecraft:melon":8,"minecraft:chest":52,"minecraft:cobblestone":58,"minecraft:oak_planks":34,"minecraft:sugar_cane":1,"minecraft:bricks":1,"minecraft:wall_torch":12,"minecraft:pink_petals":1,"minecraft:white_terracotta":2,"minecraft:repeater":1,"minecraft:birch_log":11,"minecraft:wheat":11,"minecraft:smooth_stone_slab":2,"minecraft:oak_log":52,"minecraft:sand":18,"minecraft:dirt":200,"minecraft:tripwire_hook":3,"minecraft:dispenser":2,"minecraft:deepslate":41,"minecraft:oak_leaves":43,"minecraft:diamond_ore":3,"minecraft:tuff":2,"minecraft:mossy_cobblestone":13,"minecraft:deepslate_diamond_ore":3,"minecraft:nether_bricks":34,"minecraft:dark_oak_fence":18,"minecraft:allium":1,"minecraft:redstone_wire":13,"minecraft:spruce_leaves":18,"minecraft:cartography_table":1,"minecraft:hay_block":26,"minecraft:furnace":6,"minecraft:snow":1,"minecraft:andesite":22,"minecraft:gold_block":3,"minecraft:bookshelf":9,"minecraft:deepslate_iron_ore":3,"minecraft:vine":17,"minecraft:rail":2,"minecraft:bamboo":3,"minecraft:stone":883,"minecraft:acacia_leaves":4,"minecraft:cherry_planks":1,"minecraft:snow_block":93,"minecraft:basalt":69,"minecraft:dandelion":2,"minecraft:oak_fence":4,"minecraft:smooth_sandstone":7,"minecraft:crafting_table":19,"minecraft:cornflower":84,"minecraft:short_grass":349,"minecraft:emerald_ore":5,"minecraft:lectern":1,"minecraft:copper_ore":15,"minecraft:tall_grass":104,"minecraft:deepslate_coal_ore":14,"minecraft:deepslate_gold_ore":5,"minecraft:diorite":8,"minecraft:cobblestone_wall":1,"minecraft:ice":1,"minecraft:white_carpet":1,"minecraft:spruce_log":12,"minecraft:birch_leaves":31,"minecraft:bee_nest":1,"minecraft:yellow_bed":8,"minecraft:coal_ore":278,"minecraft:cocoa":1,"minecraft:cherry_leaves":22,"minecraft:gravel":8,"minecraft:cobweb":46,"minecraft:terracotta":2,"minecraft:gold_ore":5,"minecraft:fern":5},"minecraft:custom":{"minecraft:interact_with_crafting_table":102,"minecraft:bell_ring":1,"minecraft:leave_game":31,"minecraft:time_since_death":69870,"minecraft:sprint_one_cm":2802885,"minecraft:damage_blocked_by_shield":9516,"minecraft:drop":130,"minecraft:talked_to_villager":7,"minecraft:play_time":1140268,"minecraft:deaths":22,"minecraft:jump":18376,"minecraft:walk_on_water_one_cm":184983,"minecraft:interact_with_furnace":52,"minecraft:sleep_in_bed":66,"minecraft:damage_dealt":42984,"minecraft:player_kills":5,"minecraft:crouch_one_cm":108028,"minecraft:interact_with_smoker":39,"minecraft:use_cauldron":1,"minecraft:horse_one_cm":2681113,"minecraft:interact_with_anvil":2,"minecraft:mob_kills":241,"minecraft:fill_cauldron":2,"minecraft:climb_one_cm":9104,"minecraft:walk_one_cm":1510694,"minecraft:sneak_time":40415,"minecraft:walk_under_water_one_cm":114560,"minecraft:boat_one_cm":2113309,"minecraft:interact_with_blast_furnace":40,"minecraft:total_world_time":1140268,"minecraft:time_since_rest":8047,"minecraft:damage_taken":16404,"minecraft:damage_absorbed":28,"minecraft:swim_one_cm":270348,"minecraft:fly_one_cm":3418089,"minecraft:open_chest":1091,"minecraft:fall_one_cm":487585},"minecraft:used":{"minecraft:iron_shovel":959,"minecraft:chest":69,"minecraft:white_terracotta":2,"minecraft:iron_sword":476,"minecraft:shield":437,"minecraft:stone":6,"minecraft:rotten_flesh":78,"minecraft:iron_chestplate":6,"minecraft:nether_bricks":57,"minecraft:tuff":1,"minecraft:snowball":90,"minecraft:obsidian":31,"minecraft:iron_helmet":1,"minecraft:bow":20,"minecraft:oak_sapling":1,"minecraft:furnace":7,"minecraft:gold_block":1,"minecraft:egg":10,"minecraft:diorite":5,"minecraft:stone_pickaxe":258,"minecraft:oak_planks":89,"minecraft:blackstone":54,"minecraft:wooden_pickaxe":11,"minecraft:golden_apple":2,"minecraft:glow_berries":4,"minecraft:sand":24,"minecraft:blast_furnace":2,"minecraft:melon_slice":29,"minecraft:bread":101,"minecraft:gravel":7,"minecraft:andesite":13,"minecraft:oak_boat":18,"minecraft:chest_minecart":1,"minecraft:oak_fence":4,"minecraft:cherry_boat":4,"minecraft:flint_and_steel":1,"minecraft:spruce_planks":1,"minecraft:cooked_salmon":1,"minecraft:cooked_chicken":9,"minecraft:torch":374,"minecraft:dirt":506,"minecraft:anvil":1,"minecraft:cobblestone_wall":1,"minecraft:granite":24,"minecraft:iron_axe":604,"minecraft:oak_stairs":1,"minecraft:smooth_sandstone":8,"minecraft:jungle_log":2,"minecraft:iron_boots":4,"minecraft:basalt":49,"minecraft:goat_horn":12,"minecraft:cooked_beef":55,"minecraft:cobbled_deepslate":26,"minecraft:iron_leggings":4,"minecraft:calcite":1,"minecraft:wheat_seeds":9,"minecraft:cooked_mutton":8,"minecraft:water_bucket":110,"minecraft:acacia_boat":6,"minecraft:lead":2,"minecraft:cut_sandstone":4,"minecraft:cherry_planks":1,"minecraft:cauldron":2,"minecraft:rail":1,"minecraft:crafting_table":25,"minecraft:white_bed":15,"minecraft:smoker":9,"minecraft:cornflower":2,"minecraft:diamond_pickaxe":429,"minecraft:iron_pickaxe":1150,"minecraft:suspicious_stew":1,"minecraft:map":1,"minecraft:cherry_chest_boat":1,"minecraft:stone_axe":197,"minecraft:pink_petals":4,"minecraft:cobblestone":320,"minecraft:cooked_porkchop":16,"minecraft:bucket":111,"minecraft:yellow_bed":6},"minecraft:picked_up":{"minecraft:iron_chestplate":11,"minecraft:wheat":165,"minecraft:flower_pot":3,"minecraft:anvil":1,"minecraft:sentry_armor_trim_smithing_template":8,"minecraft:lead":13,"minecraft:oak_stairs":3,"minecraft:enchanted_book":2,"minecraft:brewing_stand":2,"minecraft:golden_sword":1,"minecraft:string":172,"minecraft:raw_copper":87,"minecraft:cooked_salmon":1,"minecraft:smooth_stone_slab":28,"minecraft:iron_leggings":8,"minecraft:sticky_piston":3,"minecraft:experience_bottle":3,"minecraft:activator_rail":17,"minecraft:cherry_boat":6,"minecraft:smooth_stone":36,"minecraft:gold_nugget":12,"minecraft:cobbled_deepslate":94,"minecraft:bucket":6,"minecraft:spruce_planks":1,"minecraft:calcite":13,"minecraft:iron_pickaxe":23,"minecraft:melon_slice":62,"minecraft:iron_boots":11,"minecraft:furnace":8,"minecraft:stick":52,"minecraft:jungle_door":2,"minecraft:oak_fence":6,"minecraft:torch":155,"minecraft:acacia_log":22,"minecraft:porkchop":49,"minecraft:cherry_log":101,"minecraft:pointed_dripstone":33,"minecraft:diorite":16,"minecraft:cauldron":1,"minecraft:goat_horn":5,"minecraft:stone_sword":1,"minecraft:cactus":3,"minecraft:rotten_flesh":198,"minecraft:armadillo_scute":2,"minecraft:carved_pumpkin":8,"minecraft:white_terracotta":2,"minecraft:blaze_rod":11,"minecraft:obsidian":45,"minecraft:snowball":333,"minecraft:cobblestone":1211,"minecraft:birch_log":11,"minecraft:pink_petals":212,"minecraft:magma_block":7,"minecraft:feather":50,"minecraft:cooked_beef":14,"minecraft:repeater":5,"minecraft:cherry_planks":73,"minecraft:jungle_log":26,"minecraft:water_bucket":9,"minecraft:andesite":81,"minecraft:golden_leggings":5,"minecraft:smoker":9,"minecraft:potato":53,"minecraft:flint":5,"minecraft:tuff":7,"minecraft:smooth_sandstone_stairs":2,"minecraft:acacia_boat":8,"minecraft:cherry_door":2,"minecraft:lapis_lazuli":35,"minecraft:dirt":1319,"minecraft:name_tag":4,"minecraft:leather_boots":1,"minecraft:glass":62,"minecraft:bone":179,"minecraft:acacia_planks":8,"minecraft:stonecutter":2,"minecraft:bow":12,"minecraft:wheat_seeds":408,"minecraft:cherry_chest_boat":1,"minecraft:raw_gold":25,"minecraft:bamboo":22,"minecraft:powered_rail":4,"minecraft:oak_planks":68,"minecraft:cooked_porkchop":10,"minecraft:poisonous_potato":9,"minecraft:sand":184,"minecraft:ink_sac":6,"minecraft:dead_bush":3,"minecraft:grass_block":8,"minecraft:dark_oak_log":16,"minecraft:mossy_cobblestone":13,"minecraft:dispenser":2,"minecraft:diamond":19,"minecraft:lever":3,"minecraft:crossbow":4,"minecraft:granite":76,"minecraft:golden_apple":6,"minecraft:emerald":28,"minecraft:golden_horse_armor":1,"minecraft:bread":347,"minecraft:oak_sapling":22,"minecraft:dark_oak_fence":12,"minecraft:bricks":2,"minecraft:diamond_pickaxe":7,"minecraft:cocoa_beans":22,"minecraft:crafting_table":25,"minecraft:allium":1,"minecraft:sandstone_slab":1,"minecraft:ominous_bottle":4,"minecraft:chicken":21,"minecraft:chest_minecart":12,"minecraft:wooden_pickaxe":2,"minecraft:gold_block":3,"minecraft:diamond_horse_armor":1,"minecraft:shield":19,"minecraft:cornflower":116,"minecraft:iron_axe":19,"minecraft:flint_and_steel":7,"minecraft:white_carpet":3,"minecraft:iron_shovel":6,"minecraft:blackstone":80,"minecraft:cartography_table":1,"minecraft:detector_rail":24,"minecraft:beef":66,"minecraft:oak_boat":28,"minecraft:jungle_sapling":2,"minecraft:iron_nugget":135,"minecraft:poppy":29,"minecraft:lectern":1,"minecraft:sugar_cane":2,"minecraft:chest":54,"minecraft:birch_sapling":2,"minecraft:egg":43,"minecraft:raw_iron":172,"minecraft:stone":17,"minecraft:oak_door":6,"minecraft:copper_ingot":14,"minecraft:bowl":2,"minecraft:fire_charge":3,"minecraft:carrot":42,"minecraft:redstone":320,"minecraft:iron_horse_armor":1,"minecraft:arrow":219,"minecraft:beetroot_seeds":15,"minecraft:nether_bricks":59,"minecraft:hay_block":25,"minecraft:saddle":1,"minecraft:gold_ingot":14,"minecraft:glow_berries":29,"minecraft:mutton":10,"minecraft:white_wool":19,"minecraft:rail":164,"minecraft:oxeye_daisy":2,"minecraft:clock":2,"minecraft:basalt":113,"minecraft:glow_ink_sac":3,"minecraft:tripwire_hook":5,"minecraft:salmon":11,"minecraft:cut_sandstone":4,"minecraft:leather":72,"minecraft:filled_map":5,"minecraft:oak_log":58,"minecraft:yellow_bed":8,"minecraft:gunpowder":42,"minecraft:cobblestone_wall":6,"minecraft:cobblestone_stairs":1,"minecraft:paper":15,"minecraft:white_banner":3,"minecraft:cooked_mutton":6,"minecraft:smooth_sandstone":8,"minecraft:apple":8,"minecraft:kelp":96,"minecraft:wild_armor_trim_smithing_template":2,"minecraft:iron_ingot":179,"minecraft:cooked_chicken":3,"minecraft:iron_sword":22,"minecraft:book":81,"minecraft:pumpkin":36,"minecraft:chiseled_stone_bricks":3,"minecraft:dandelion":11,"minecraft:dripstone_block":30,"minecraft:gravel":13,"minecraft:lava_bucket":2,"minecraft:spruce_sapling":2,"minecraft:blast_furnace":4,"minecraft:white_bed":19,"minecraft:spruce_log":11,"minecraft:spider_eye":21,"minecraft:pumpkin_seeds":14,"minecraft:stone_axe":13,"minecraft:iron_helmet":5,"minecraft:cherry_sapling":25,"minecraft:terracotta":2,"minecraft:melon_seeds":44,"minecraft:black_wool":2,"minecraft:coal":502,"minecraft:hopper":8,"minecraft:ender_pearl":6},"minecraft:broken":{"minecraft:iron_shovel":4,"minecraft:iron_boots":1,"minecraft:stone_pickaxe":2,"minecraft:iron_axe":2,"minecraft:iron_pickaxe":4,"minecraft:iron_helmet":1}},"DataVersion":3953}