{"stats":{"minecraft:crafted":{"minecraft:cooked_beef":1,"minecraft:oak_planks":128,"minecraft:crafting_table":1,"minecraft:wooden_pickaxe":1,"minecraft:iron_sword":2,"minecraft:furnace":1,"minecraft:bucket":1,"minecraft:stone_axe":1,"minecraft:cooked_mutton":3,"minecraft:air":0,"minecraft:oak_boat":1,"minecraft:iron_boots":1,"minecraft:iron_chestplate":1,"minecraft:shield":2,"minecraft:iron_axe":1,"minecraft:stick":20,"minecraft:iron_ingot":24,"minecraft:iron_pickaxe":1,"minecraft:stone_pickaxe":1,"minecraft:chest":3,"minecraft:white_bed":1,"minecraft:torch":12,"minecraft:smoker":1},"minecraft:killed":{"minecraft:spider":1,"minecraft:iron_golem":1,"minecraft:sheep":3,"minecraft:zombie":3,"minecraft:chicken":2,"minecraft:cow":1},"minecraft:mined":{"minecraft:white_bed":4,"minecraft:smoker":2,"minecraft:crafting_table":4,"minecraft:torch":1,"minecraft:granite":15,"minecraft:short_grass":36,"minecraft:blast_furnace":1,"minecraft:grass_block":7,"minecraft:calcite":5,"minecraft:melon":1,"minecraft:jungle_log":1,"minecraft:copper_ore":10,"minecraft:tall_grass":2,"minecraft:cobblestone":2,"minecraft:oak_planks":17,"minecraft:wall_torch":2,"minecraft:birch_log":5,"minecraft:iron_ore":31,"minecraft:fire":5,"minecraft:wheat":6,"minecraft:andesite":11,"minecraft:pumpkin":9,"minecraft:coal_ore":24,"minecraft:oak_log":36,"minecraft:sand":4,"minecraft:dirt":4,"minecraft:stone":64,"minecraft:oak_leaves":6},"minecraft:custom":{"minecraft:mob_kills":11,"minecraft:interact_with_crafting_table":15,"minecraft:bell_ring":1,"minecraft:leave_game":2,"minecraft:time_since_death":61717,"minecraft:sleep_in_bed":3,"minecraft:climb_one_cm":155,"minecraft:time_since_rest":6898,"minecraft:sprint_one_cm":119182,"minecraft:damage_taken":422,"minecraft:walk_one_cm":120793,"minecraft:damage_dealt":2074,"minecraft:swim_one_cm":23532,"minecraft:talked_to_villager":1,"minecraft:fly_one_cm":160226,"minecraft:open_chest":22,"minecraft:crouch_one_cm":4493,"minecraft:play_time":61717,"minecraft:sneak_time":3435,"minecraft:walk_under_water_one_cm":6325,"minecraft:boat_one_cm":62526,"minecraft:jump":1112,"minecraft:interact_with_blast_furnace":6,"minecraft:walk_on_water_one_cm":14956,"minecraft:total_world_time":61717,"minecraft:interact_with_smoker":8,"minecraft:fall_one_cm":26199},"minecraft:used":{"minecraft:cooked_mutton":3,"minecraft:stone_pickaxe":132,"minecraft:oak_planks":58,"minecraft:chest":3,"minecraft:wooden_pickaxe":7,"minecraft:cooked_chicken":2,"minecraft:rotten_flesh":2,"minecraft:iron_chestplate":1,"minecraft:torch":14,"minecraft:dirt":3,"minecraft:sand":4,"minecraft:crafting_table":5,"minecraft:blast_furnace":1,"minecraft:white_bed":5,"minecraft:granite":13,"minecraft:smoker":3,"minecraft:iron_pickaxe":32,"minecraft:melon_slice":6,"minecraft:iron_boots":1,"minecraft:stone_axe":106,"minecraft:andesite":10,"minecraft:oak_boat":2,"minecraft:cooked_beef":1},"minecraft:picked_up":{"minecraft:birch_log":5,"minecraft:crafting_table":4,"minecraft:wheat":6,"minecraft:feather":4,"minecraft:chicken":2,"minecraft:andesite":11,"minecraft:jungle_log":1,"minecraft:smoker":2,"minecraft:oak_log":36,"minecraft:string":1,"minecraft:dirt":11,"minecraft:raw_copper":39,"minecraft:wheat_seeds":21,"minecraft:iron_ingot":3,"minecraft:beef":1,"minecraft:cooked_chicken":2,"minecraft:oak_boat":2,"minecraft:calcite":5,"minecraft:melon_slice":6,"minecraft:oak_planks":17,"minecraft:egg":1,"minecraft:stick":1,"minecraft:raw_iron":31,"minecraft:pumpkin":9,"minecraft:torch":3,"minecraft:sand":4,"minecraft:blast_furnace":1,"minecraft:white_bed":4,"minecraft:spider_eye":1,"minecraft:arrow":1,"minecraft:rotten_flesh":2,"minecraft:granite":15,"minecraft:oak_sapling":1,"minecraft:mutton":3,"minecraft:coal":27,"minecraft:cobblestone":64,"minecraft:white_wool":3},"minecraft:broken":{"minecraft:stone_pickaxe":1}},"DataVersion":3953}