{"stats":{"minecraft:crafted":{"minecraft:oak_planks":156,"minecraft:smooth_stone":24,"minecraft:cooked_chicken":2,"minecraft:stone":30,"minecraft:cooked_mutton":6,"minecraft:glass":31,"minecraft:hopper":4,"minecraft:repeater":2,"minecraft:bow":1,"minecraft:iron_boots":2,"minecraft:chest":16,"minecraft:copper_block":4,"minecraft:smoker":2,"minecraft:cauldron":1,"minecraft:cooked_porkchop":5,"minecraft:crafting_table":6,"minecraft:wooden_pickaxe":2,"minecraft:iron_helmet":1,"minecraft:copper_ingot":31,"minecraft:birch_planks":20,"minecraft:iron_chestplate":2,"minecraft:diamond_pickaxe":1,"minecraft:shield":4,"minecraft:stick":220,"minecraft:iron_ingot":373,"minecraft:iron_pickaxe":6,"minecraft:iron_block":39,"minecraft:gold_ingot":5,"minecraft:redstone_torch":4,"minecraft:cherry_planks":156,"minecraft:smooth_stone_slab":12,"minecraft:furnace":6,"minecraft:iron_axe":5,"minecraft:stone_pickaxe":2,"minecraft:cobblestone_wall":6,"minecraft:wheat":207,"minecraft:cooked_beef":54,"minecraft:iron_sword":7,"minecraft:bucket":3,"minecraft:stone_axe":1,"minecraft:bread":74,"minecraft:air":0,"minecraft:jungle_planks":72,"minecraft:oak_boat":1,"minecraft:iron_shovel":4,"minecraft:iron_leggings":2,"minecraft:anvil":1,"minecraft:white_bed":3,"minecraft:torch":240},"minecraft:killed":{"minecraft:cave_spider":4,"minecraft:spider":12,"minecraft:skeleton":28,"minecraft:chicken":3,"minecraft:zombie_villager":1,"minecraft:salmon":3,"minecraft:iron_golem":1,"minecraft:creeper":6,"minecraft:sheep":4,"minecraft:trader_llama":2,"minecraft:pillager":14,"minecraft:zombie":44,"minecraft:cow":15,"minecraft:blaze":11,"minecraft:wandering_trader":1,"minecraft:squid":1,"minecraft:enderman":3},"minecraft:dropped":{"minecraft:acacia_boat":1,"minecraft:iron_sword":4,"minecraft:cooked_beef":14,"minecraft:cooked_porkchop":3,"minecraft:saddle":1,"minecraft:cobblestone_stairs":1,"minecraft:dirt":37,"minecraft:gold_nugget":4,"minecraft:sand":4,"minecraft:iron_pickaxe":4,"minecraft:bone":12,"minecraft:cooked_mutton":1,"minecraft:water_bucket":2,"minecraft:iron_ingot":14,"minecraft:bread":25,"minecraft:wheat_seeds":1,"minecraft:poisonous_potato":3,"minecraft:iron_helmet":1,"minecraft:stick":10,"minecraft:torch":1,"minecraft:melon_slice":63,"minecraft:dead_bush":1,"minecraft:iron_leggings":1,"minecraft:iron_axe":4,"minecraft:iron_shovel":3,"minecraft:bucket":1,"minecraft:iron_boots":1,"minecraft:smoker":1,"minecraft:stone":8,"minecraft:shield":3,"minecraft:allium":1,"minecraft:iron_chestplate":1,"minecraft:diamond_pickaxe":1,"minecraft:golden_leggings":2,"minecraft:spider_eye":1},"minecraft:killed_by":{"minecraft:magma_cube":2,"minecraft:blaze":4,"minecraft:zombie":4,"minecraft:player":1},"minecraft:mined":{"minecraft:spruce_planks":1,"minecraft:white_bed":11,"minecraft:cobblestone_stairs":1,"minecraft:cherry_log":78,"minecraft:jungle_leaves":4,"minecraft:potted_cactus":2,"minecraft:carved_pumpkin":4,"minecraft:obsidian":21,"minecraft:granite":52,"minecraft:acacia_log":18,"minecraft:grass_block":731,"minecraft:jungle_log":26,"minecraft:chiseled_stone_bricks":3,"minecraft:magma_block":3,"minecraft:iron_ore":121,"minecraft:sticky_piston":1,"minecraft:fire":32,"minecraft:pumpkin":9,"minecraft:deepslate_lapis_ore":3,"minecraft:pointed_dripstone":2,"minecraft:water_cauldron":1,"minecraft:dirt_path":7,"minecraft:oak_stairs":2,"minecraft:tripwire":5,"minecraft:piston_head":2,"minecraft:sandstone_slab":1,"minecraft:deepslate_redstone_ore":8,"minecraft:cut_sandstone":2,"minecraft:jungle_door":1,"minecraft:blackstone":59,"minecraft:smoker":5,"minecraft:torch":5,"minecraft:blast_furnace":2,"minecraft:calcite":6,"minecraft:melon":8,"minecraft:chest":31,"minecraft:cobblestone":58,"minecraft:bricks":1,"minecraft:sugar_cane":1,"minecraft:oak_planks":30,"minecraft:wall_torch":10,"minecraft:pink_petals":1,"minecraft:white_terracotta":2,"minecraft:repeater":1,"minecraft:birch_log":11,"minecraft:wheat":11,"minecraft:smooth_stone_slab":2,"minecraft:oak_log":48,"minecraft:sand":18,"minecraft:dirt":124,"minecraft:tripwire_hook":3,"minecraft:dispenser":2,"minecraft:oak_leaves":32,"minecraft:deepslate":18,"minecraft:tuff":2,"minecraft:mossy_cobblestone":13,"minecraft:deepslate_diamond_ore":3,"minecraft:nether_bricks":34,"minecraft:dark_oak_fence":12,"minecraft:allium":1,"minecraft:redstone_wire":13,"minecraft:spruce_leaves":18,"minecraft:cartography_table":1,"minecraft:hay_block":26,"minecraft:furnace":5,"minecraft:snow":1,"minecraft:andesite":22,"minecraft:bookshelf":9,"minecraft:deepslate_iron_ore":3,"minecraft:vine":17,"minecraft:rail":2,"minecraft:stone":676,"minecraft:acacia_leaves":4,"minecraft:cherry_planks":1,"minecraft:snow_block":93,"minecraft:basalt":69,"minecraft:dandelion":2,"minecraft:oak_fence":1,"minecraft:smooth_sandstone":7,"minecraft:crafting_table":15,"minecraft:cornflower":82,"minecraft:short_grass":322,"minecraft:emerald_ore":4,"minecraft:lectern":1,"minecraft:tall_grass":98,"minecraft:copper_ore":15,"minecraft:deepslate_gold_ore":5,"minecraft:diorite":7,"minecraft:cobblestone_wall":1,"minecraft:ice":1,"minecraft:white_carpet":1,"minecraft:spruce_log":12,"minecraft:birch_leaves":31,"minecraft:bee_nest":1,"minecraft:yellow_bed":4,"minecraft:coal_ore":253,"minecraft:cocoa":1,"minecraft:cherry_leaves":22,"minecraft:gravel":6,"minecraft:cobweb":32,"minecraft:terracotta":2,"minecraft:gold_ore":5,"minecraft:fern":4},"minecraft:custom":{"minecraft:interact_with_crafting_table":92,"minecraft:bell_ring":1,"minecraft:leave_game":24,"minecraft:time_since_death":165567,"minecraft:sprint_one_cm":2089300,"minecraft:damage_blocked_by_shield":6027,"minecraft:drop":85,"minecraft:talked_to_villager":7,"minecraft:play_time":892356,"minecraft:deaths":18,"minecraft:jump":14222,"minecraft:walk_on_water_one_cm":154982,"minecraft:interact_with_furnace":43,"minecraft:sleep_in_bed":55,"minecraft:damage_dealt":31080,"minecraft:player_kills":4,"minecraft:crouch_one_cm":85669,"minecraft:interact_with_smoker":32,"minecraft:use_cauldron":1,"minecraft:horse_one_cm":1088963,"minecraft:interact_with_anvil":2,"minecraft:mob_kills":164,"minecraft:fill_cauldron":2,"minecraft:climb_one_cm":4394,"minecraft:walk_one_cm":1204052,"minecraft:sneak_time":32517,"minecraft:walk_under_water_one_cm":94321,"minecraft:boat_one_cm":1627602,"minecraft:interact_with_blast_furnace":35,"minecraft:total_world_time":892356,"minecraft:time_since_rest":3219,"minecraft:damage_taken":12595,"minecraft:swim_one_cm":196692,"minecraft:fly_one_cm":2659378,"minecraft:open_chest":696,"minecraft:fall_one_cm":378099},"minecraft:used":{"minecraft:iron_shovel":833,"minecraft:chest":39,"minecraft:white_terracotta":2,"minecraft:shield":281,"minecraft:iron_sword":310,"minecraft:stone":6,"minecraft:rotten_flesh":57,"minecraft:iron_chestplate":6,"minecraft:nether_bricks":57,"minecraft:tuff":1,"minecraft:snowball":90,"minecraft:obsidian":31,"minecraft:iron_helmet":1,"minecraft:bow":9,"minecraft:oak_sapling":1,"minecraft:furnace":6,"minecraft:egg":6,"minecraft:diorite":2,"minecraft:stone_pickaxe":258,"minecraft:oak_planks":89,"minecraft:blackstone":54,"minecraft:wooden_pickaxe":11,"minecraft:sand":24,"minecraft:blast_furnace":1,"minecraft:melon_slice":29,"minecraft:bread":75,"minecraft:gravel":4,"minecraft:andesite":12,"minecraft:oak_boat":18,"minecraft:flint_and_steel":1,"minecraft:spruce_planks":1,"minecraft:cooked_salmon":1,"minecraft:cooked_chicken":4,"minecraft:torch":266,"minecraft:dirt":273,"minecraft:anvil":1,"minecraft:cobblestone_wall":1,"minecraft:granite":24,"minecraft:iron_axe":543,"minecraft:oak_stairs":1,"minecraft:smooth_sandstone":8,"minecraft:jungle_log":2,"minecraft:iron_boots":4,"minecraft:basalt":49,"minecraft:goat_horn":6,"minecraft:cooked_beef":52,"minecraft:cobbled_deepslate":14,"minecraft:iron_leggings":3,"minecraft:calcite":1,"minecraft:wheat_seeds":9,"minecraft:cooked_mutton":8,"minecraft:water_bucket":108,"minecraft:acacia_boat":2,"minecraft:lead":1,"minecraft:cut_sandstone":4,"minecraft:cherry_planks":1,"minecraft:cauldron":2,"minecraft:crafting_table":22,"minecraft:white_bed":13,"minecraft:smoker":7,"minecraft:cornflower":2,"minecraft:diamond_pickaxe":429,"minecraft:iron_pickaxe":860,"minecraft:suspicious_stew":1,"minecraft:map":1,"minecraft:stone_axe":112,"minecraft:pink_petals":3,"minecraft:cobblestone":289,"minecraft:bucket":110,"minecraft:yellow_bed":4},"minecraft:picked_up":{"minecraft:iron_chestplate":10,"minecraft:wheat":96,"minecraft:flower_pot":3,"minecraft:sentry_armor_trim_smithing_template":2,"minecraft:lead":10,"minecraft:oak_stairs":2,"minecraft:enchanted_book":1,"minecraft:brewing_stand":2,"minecraft:string":94,"minecraft:raw_copper":87,"minecraft:cooked_salmon":1,"minecraft:smooth_stone_slab":16,"minecraft:iron_leggings":6,"minecraft:sticky_piston":3,"minecraft:activator_rail":7,"minecraft:cobbled_deepslate":46,"minecraft:gold_nugget":12,"minecraft:smooth_stone":18,"minecraft:bucket":6,"minecraft:spruce_planks":1,"minecraft:calcite":13,"minecraft:iron_pickaxe":15,"minecraft:melon_slice":62,"minecraft:furnace":6,"minecraft:iron_boots":10,"minecraft:stick":46,"minecraft:jungle_door":2,"minecraft:oak_fence":1,"minecraft:torch":104,"minecraft:acacia_log":19,"minecraft:porkchop":5,"minecraft:cherry_log":79,"minecraft:pointed_dripstone":22,"minecraft:diorite":11,"minecraft:cauldron":1,"minecraft:goat_horn":1,"minecraft:stone_sword":1,"minecraft:cactus":2,"minecraft:rotten_flesh":135,"minecraft:carved_pumpkin":4,"minecraft:white_terracotta":2,"minecraft:blaze_rod":11,"minecraft:obsidian":45,"minecraft:snowball":333,"minecraft:cobblestone":1079,"minecraft:birch_log":11,"minecraft:magma_block":5,"minecraft:pink_petals":140,"minecraft:cooked_beef":14,"minecraft:feather":17,"minecraft:repeater":3,"minecraft:cherry_planks":43,"minecraft:water_bucket":8,"minecraft:andesite":67,"minecraft:jungle_log":26,"minecraft:golden_leggings":3,"minecraft:smoker":6,"minecraft:potato":16,"minecraft:flint":1,"minecraft:tuff":7,"minecraft:smooth_sandstone_stairs":2,"minecraft:acacia_boat":3,"minecraft:cherry_door":2,"minecraft:lapis_lazuli":19,"minecraft:dirt":1068,"minecraft:name_tag":4,"minecraft:leather_boots":1,"minecraft:bone":95,"minecraft:glass":31,"minecraft:stonecutter":2,"minecraft:bow":7,"minecraft:wheat_seeds":314,"minecraft:raw_gold":25,"minecraft:bamboo":5,"minecraft:powered_rail":4,"minecraft:oak_planks":50,"minecraft:poisonous_potato":3,"minecraft:sand":184,"minecraft:ink_sac":3,"minecraft:dead_bush":2,"minecraft:grass_block":4,"minecraft:dark_oak_log":4,"minecraft:mossy_cobblestone":13,"minecraft:dispenser":2,"minecraft:diamond":9,"minecraft:lever":3,"minecraft:crossbow":1,"minecraft:granite":74,"minecraft:golden_apple":1,"minecraft:emerald":17,"minecraft:golden_horse_armor":1,"minecraft:bread":292,"minecraft:oak_sapling":16,"minecraft:bricks":1,"minecraft:dark_oak_fence":12,"minecraft:diamond_pickaxe":7,"minecraft:cocoa_beans":6,"minecraft:crafting_table":19,"minecraft:allium":1,"minecraft:sandstone_slab":1,"minecraft:ominous_bottle":1,"minecraft:chicken":5,"minecraft:chest_minecart":5,"minecraft:wooden_pickaxe":1,"minecraft:diamond_horse_armor":1,"minecraft:shield":13,"minecraft:cornflower":71,"minecraft:iron_axe":15,"minecraft:flint_and_steel":6,"minecraft:white_carpet":3,"minecraft:iron_shovel":4,"minecraft:blackstone":62,"minecraft:cartography_table":1,"minecraft:detector_rail":6,"minecraft:beef":52,"minecraft:oak_boat":28,"minecraft:iron_nugget":69,"minecraft:poppy":16,"minecraft:lectern":1,"minecraft:sugar_cane":1,"minecraft:chest":33,"minecraft:birch_sapling":2,"minecraft:egg":33,"minecraft:raw_iron":162,"minecraft:stone":17,"minecraft:oak_door":6,"minecraft:copper_ingot":14,"minecraft:bowl":1,"minecraft:carrot":6,"minecraft:redstone":229,"minecraft:iron_horse_armor":1,"minecraft:arrow":157,"minecraft:beetroot_seeds":12,"minecraft:nether_bricks":59,"minecraft:hay_block":25,"minecraft:saddle":1,"minecraft:gold_ingot":6,"minecraft:mutton":10,"minecraft:white_wool":14,"minecraft:rail":96,"minecraft:oxeye_daisy":1,"minecraft:clock":2,"minecraft:basalt":92,"minecraft:tripwire_hook":3,"minecraft:salmon":5,"minecraft:cut_sandstone":4,"minecraft:leather":50,"minecraft:filled_map":2,"minecraft:oak_log":51,"minecraft:yellow_bed":4,"minecraft:gunpowder":28,"minecraft:cobblestone_wall":6,"minecraft:cobblestone_stairs":1,"minecraft:paper":5,"minecraft:white_banner":1,"minecraft:cooked_mutton":6,"minecraft:smooth_sandstone":8,"minecraft:kelp":94,"minecraft:wild_armor_trim_smithing_template":2,"minecraft:iron_ingot":149,"minecraft:cooked_chicken":2,"minecraft:iron_sword":16,"minecraft:book":54,"minecraft:pumpkin":9,"minecraft:chiseled_stone_bricks":3,"minecraft:dandelion":11,"minecraft:dripstone_block":20,"minecraft:gravel":9,"minecraft:lava_bucket":1,"minecraft:spruce_sapling":2,"minecraft:blast_furnace":2,"minecraft:white_bed":13,"minecraft:spruce_log":11,"minecraft:spider_eye":12,"minecraft:pumpkin_seeds":10,"minecraft:stone_axe":9,"minecraft:iron_helmet":4,"minecraft:cherry_sapling":14,"minecraft:terracotta":2,"minecraft:melon_seeds":19,"minecraft:coal":433,"minecraft:hopper":4,"minecraft:ender_pearl":4},"minecraft:broken":{"minecraft:iron_shovel":3,"minecraft:stone_pickaxe":2,"minecraft:iron_axe":1,"minecraft:iron_pickaxe":3}},"DataVersion":3953}