{"stats":{"minecraft:custom":{"minecraft:interact_with_crafting_table":71,"minecraft:bell_ring":1,"minecraft:leave_game":20,"minecraft:time_since_death":159700,"minecraft:sprint_one_cm":1525707,"minecraft:damage_blocked_by_shield":4913,"minecraft:drop":75,"minecraft:talked_to_villager":7,"minecraft:play_time":702740,"minecraft:deaths":11,"minecraft:jump":10901,"minecraft:walk_on_water_one_cm":145112,"minecraft:interact_with_furnace":35,"minecraft:sleep_in_bed":40,"minecraft:damage_dealt":23158,"minecraft:player_kills":4,"minecraft:crouch_one_cm":38272,"minecraft:interact_with_smoker":26,"minecraft:use_cauldron":1,"minecraft:horse_one_cm":1081310,"minecraft:mob_kills":125,"minecraft:interact_with_anvil":2,"minecraft:fill_cauldron":2,"minecraft:climb_one_cm":4394,"minecraft:walk_one_cm":945692,"minecraft:sneak_time":16544,"minecraft:walk_under_water_one_cm":90665,"minecraft:boat_one_cm":1622296,"minecraft:interact_with_blast_furnace":35,"minecraft:total_world_time":702740,"minecraft:time_since_rest":5395,"minecraft:damage_taken":8560,"minecraft:swim_one_cm":194457,"minecraft:fly_one_cm":1967657,"minecraft:open_chest":642,"minecraft:fall_one_cm":291466},"minecraft:crafted":{"minecraft:oak_planks":156,"minecraft:smooth_stone":24,"minecraft:cooked_chicken":1,"minecraft:stone":30,"minecraft:cooked_mutton":6,"minecraft:glass":31,"minecraft:hopper":4,"minecraft:repeater":2,"minecraft:iron_boots":2,"minecraft:chest":14,"minecraft:copper_block":4,"minecraft:smoker":2,"minecraft:cauldron":1,"minecraft:crafting_table":2,"minecraft:wooden_pickaxe":1,"minecraft:iron_helmet":1,"minecraft:copper_ingot":31,"minecraft:birch_planks":20,"minecraft:iron_chestplate":2,"minecraft:diamond_pickaxe":1,"minecraft:shield":3,"minecraft:stick":160,"minecraft:iron_ingot":350,"minecraft:iron_pickaxe":3,"minecraft:iron_block":39,"minecraft:gold_ingot":5,"minecraft:redstone_torch":4,"minecraft:cherry_planks":84,"minecraft:smooth_stone_slab":12,"minecraft:furnace":4,"minecraft:iron_axe":4,"minecraft:stone_pickaxe":1,"minecraft:cobblestone_wall":6,"minecraft:wheat":117,"minecraft:cooked_beef":41,"minecraft:iron_sword":6,"minecraft:bucket":2,"minecraft:stone_axe":1,"minecraft:bread":44,"minecraft:air":0,"minecraft:jungle_planks":72,"minecraft:oak_boat":1,"minecraft:iron_shovel":3,"minecraft:iron_leggings":2,"minecraft:anvil":1,"minecraft:white_bed":3,"minecraft:torch":120},"minecraft:picked_up":{"minecraft:iron_chestplate":10,"minecraft:wheat":74,"minecraft:flower_pot":3,"minecraft:sentry_armor_trim_smithing_template":2,"minecraft:lead":10,"minecraft:oak_stairs":1,"minecraft:enchanted_book":1,"minecraft:string":88,"minecraft:raw_copper":87,"minecraft:smooth_stone_slab":16,"minecraft:iron_leggings":2,"minecraft:sticky_piston":3,"minecraft:activator_rail":7,"minecraft:gold_nugget":4,"minecraft:smooth_stone":18,"minecraft:cobbled_deepslate":46,"minecraft:bucket":4,"minecraft:spruce_planks":1,"minecraft:calcite":13,"minecraft:iron_pickaxe":9,"minecraft:melon_slice":62,"minecraft:iron_boots":6,"minecraft:furnace":4,"minecraft:stick":38,"minecraft:jungle_door":2,"minecraft:oak_fence":1,"minecraft:torch":102,"minecraft:acacia_log":19,"minecraft:cherry_log":47,"minecraft:diorite":11,"minecraft:cauldron":1,"minecraft:goat_horn":1,"minecraft:stone_sword":1,"minecraft:cactus":2,"minecraft:rotten_flesh":116,"minecraft:carved_pumpkin":4,"minecraft:white_terracotta":2,"minecraft:obsidian":33,"minecraft:cobblestone":836,"minecraft:birch_log":11,"minecraft:magma_block":2,"minecraft:pink_petals":7,"minecraft:cooked_beef":14,"minecraft:feather":12,"minecraft:repeater":3,"minecraft:cherry_planks":38,"minecraft:andesite":67,"minecraft:water_bucket":6,"minecraft:jungle_log":26,"minecraft:smoker":5,"minecraft:potato":2,"minecraft:flint":1,"minecraft:tuff":7,"minecraft:smooth_sandstone_stairs":2,"minecraft:acacia_boat":3,"minecraft:lapis_lazuli":19,"minecraft:cherry_door":2,"minecraft:dirt":978,"minecraft:name_tag":4,"minecraft:bone":69,"minecraft:glass":31,"minecraft:bow":2,"minecraft:wheat_seeds":273,"minecraft:raw_gold":25,"minecraft:bamboo":5,"minecraft:powered_rail":4,"minecraft:oak_planks":50,"minecraft:sand":184,"minecraft:ink_sac":2,"minecraft:grass_block":3,"minecraft:dead_bush":2,"minecraft:dark_oak_log":4,"minecraft:mossy_cobblestone":13,"minecraft:dispenser":2,"minecraft:diamond":9,"minecraft:lever":3,"minecraft:crossbow":1,"minecraft:granite":70,"minecraft:bread":274,"minecraft:golden_apple":1,"minecraft:golden_horse_armor":1,"minecraft:emerald":14,"minecraft:oak_sapling":16,"minecraft:dark_oak_fence":12,"minecraft:diamond_pickaxe":5,"minecraft:cocoa_beans":6,"minecraft:crafting_table":16,"minecraft:allium":1,"minecraft:sandstone_slab":1,"minecraft:ominous_bottle":1,"minecraft:chicken":3,"minecraft:chest_minecart":5,"minecraft:wooden_pickaxe":1,"minecraft:diamond_horse_armor":1,"minecraft:shield":11,"minecraft:cornflower":5,"minecraft:iron_axe":11,"minecraft:flint_and_steel":4,"minecraft:white_carpet":3,"minecraft:iron_shovel":4,"minecraft:cartography_table":1,"minecraft:detector_rail":6,"minecraft:beef":39,"minecraft:oak_boat":26,"minecraft:iron_nugget":14,"minecraft:poppy":16,"minecraft:lectern":1,"minecraft:sugar_cane":1,"minecraft:chest":24,"minecraft:birch_sapling":2,"minecraft:egg":30,"minecraft:raw_iron":121,"minecraft:stone":15,"minecraft:copper_ingot":14,"minecraft:redstone":229,"minecraft:iron_horse_armor":1,"minecraft:arrow":69,"minecraft:beetroot_seeds":12,"minecraft:hay_block":25,"minecraft:saddle":1,"minecraft:gold_ingot":6,"minecraft:mutton":10,"minecraft:white_wool":12,"minecraft:rail":96,"minecraft:oxeye_daisy":1,"minecraft:tripwire_hook":3,"minecraft:salmon":3,"minecraft:cut_sandstone":4,"minecraft:leather":41,"minecraft:filled_map":1,"minecraft:oak_log":51,"minecraft:yellow_bed":2,"minecraft:gunpowder":22,"minecraft:cobblestone_wall":6,"minecraft:cobblestone_stairs":1,"minecraft:white_banner":1,"minecraft:cooked_mutton":6,"minecraft:smooth_sandstone":8,"minecraft:kelp":40,"minecraft:wild_armor_trim_smithing_template":2,"minecraft:iron_ingot":110,"minecraft:cooked_chicken":2,"minecraft:iron_sword":11,"minecraft:book":27,"minecraft:pumpkin":9,"minecraft:chiseled_stone_bricks":3,"minecraft:dandelion":11,"minecraft:gravel":8,"minecraft:lava_bucket":1,"minecraft:spruce_sapling":2,"minecraft:blast_furnace":1,"minecraft:white_bed":10,"minecraft:spruce_log":11,"minecraft:spider_eye":8,"minecraft:pumpkin_seeds":10,"minecraft:stone_axe":9,"minecraft:cherry_sapling":7,"minecraft:terracotta":2,"minecraft:melon_seeds":19,"minecraft:coal":333,"minecraft:hopper":4,"minecraft:ender_pearl":1},"minecraft:broken":{"minecraft:iron_shovel":3,"minecraft:stone_pickaxe":1,"minecraft:iron_axe":1,"minecraft:iron_pickaxe":2},"minecraft:mined":{"minecraft:spruce_planks":1,"minecraft:white_bed":10,"minecraft:cobblestone_stairs":1,"minecraft:cherry_log":45,"minecraft:jungle_leaves":4,"minecraft:potted_cactus":2,"minecraft:carved_pumpkin":4,"minecraft:obsidian":21,"minecraft:granite":50,"minecraft:acacia_log":18,"minecraft:grass_block":722,"minecraft:jungle_log":26,"minecraft:chiseled_stone_bricks":3,"minecraft:magma_block":2,"minecraft:iron_ore":80,"minecraft:sticky_piston":1,"minecraft:fire":8,"minecraft:pumpkin":9,"minecraft:deepslate_lapis_ore":3,"minecraft:dirt_path":7,"minecraft:water_cauldron":1,"minecraft:oak_stairs":2,"minecraft:tripwire":5,"minecraft:piston_head":2,"minecraft:sandstone_slab":1,"minecraft:deepslate_redstone_ore":8,"minecraft:cut_sandstone":2,"minecraft:jungle_door":1,"minecraft:smoker":4,"minecraft:torch":3,"minecraft:blast_furnace":1,"minecraft:calcite":6,"minecraft:melon":8,"minecraft:chest":22,"minecraft:cobblestone":34,"minecraft:sugar_cane":1,"minecraft:oak_planks":30,"minecraft:wall_torch":10,"minecraft:pink_petals":1,"minecraft:white_terracotta":2,"minecraft:repeater":1,"minecraft:birch_log":11,"minecraft:wheat":11,"minecraft:smooth_stone_slab":2,"minecraft:oak_log":48,"minecraft:sand":18,"minecraft:dirt":81,"minecraft:tripwire_hook":3,"minecraft:dispenser":2,"minecraft:oak_leaves":31,"minecraft:deepslate":18,"minecraft:tuff":2,"minecraft:mossy_cobblestone":13,"minecraft:deepslate_diamond_ore":3,"minecraft:dark_oak_fence":12,"minecraft:allium":1,"minecraft:redstone_wire":13,"minecraft:spruce_leaves":18,"minecraft:cartography_table":1,"minecraft:hay_block":26,"minecraft:furnace":3,"minecraft:andesite":22,"minecraft:bookshelf":9,"minecraft:deepslate_iron_ore":3,"minecraft:vine":17,"minecraft:rail":2,"minecraft:stone":539,"minecraft:acacia_leaves":4,"minecraft:cherry_planks":1,"minecraft:dandelion":2,"minecraft:oak_fence":1,"minecraft:smooth_sandstone":7,"minecraft:crafting_table":12,"minecraft:short_grass":147,"minecraft:emerald_ore":3,"minecraft:lectern":1,"minecraft:tall_grass":14,"minecraft:copper_ore":15,"minecraft:deepslate_gold_ore":5,"minecraft:diorite":7,"minecraft:cobblestone_wall":1,"minecraft:white_carpet":1,"minecraft:spruce_log":12,"minecraft:birch_leaves":31,"minecraft:bee_nest":1,"minecraft:yellow_bed":2,"minecraft:coal_ore":182,"minecraft:cocoa":1,"minecraft:cherry_leaves":8,"minecraft:gravel":5,"minecraft:cobweb":32,"minecraft:terracotta":2,"minecraft:gold_ore":5,"minecraft:fern":4},"minecraft:dropped":{"minecraft:acacia_boat":1,"minecraft:iron_sword":2,"minecraft:cooked_beef":13,"minecraft:saddle":1,"minecraft:cobblestone_stairs":1,"minecraft:dirt":5,"minecraft:gold_nugget":4,"minecraft:sand":4,"minecraft:iron_pickaxe":2,"minecraft:bone":12,"minecraft:cooked_mutton":1,"minecraft:water_bucket":2,"minecraft:iron_ingot":14,"minecraft:bread":25,"minecraft:wheat_seeds":1,"minecraft:poisonous_potato":3,"minecraft:stick":10,"minecraft:torch":1,"minecraft:melon_slice":63,"minecraft:dead_bush":1,"minecraft:iron_axe":4,"minecraft:iron_shovel":3,"minecraft:bucket":1,"minecraft:smoker":1,"minecraft:stone":8,"minecraft:shield":3,"minecraft:allium":1,"minecraft:iron_chestplate":1,"minecraft:diamond_pickaxe":1,"minecraft:golden_leggings":2,"minecraft:spider_eye":1},"minecraft:killed_by":{"minecraft:zombie":4,"minecraft:player":1},"minecraft:killed":{"minecraft:cave_spider":4,"minecraft:spider":9,"minecraft:skeleton":20,"minecraft:chicken":3,"minecraft:zombie_villager":1,"minecraft:salmon":3,"minecraft:iron_golem":1,"minecraft:creeper":3,"minecraft:sheep":4,"minecraft:trader_llama":2,"minecraft:pillager":14,"minecraft:zombie":35,"minecraft:blaze":1,"minecraft:cow":15,"minecraft:wandering_trader":1,"minecraft:squid":1,"minecraft:enderman":1},"minecraft:used":{"minecraft:iron_shovel":709,"minecraft:chest":28,"minecraft:shield":234,"minecraft:white_terracotta":2,"minecraft:iron_sword":276,"minecraft:rotten_flesh":53,"minecraft:iron_chestplate":6,"minecraft:tuff":1,"minecraft:obsidian":31,"minecraft:bow":7,"minecraft:furnace":3,"minecraft:oak_sapling":1,"minecraft:egg":6,"minecraft:diorite":2,"minecraft:stone_pickaxe":132,"minecraft:oak_planks":89,"minecraft:wooden_pickaxe":7,"minecraft:sand":24,"minecraft:blast_furnace":1,"minecraft:melon_slice":29,"minecraft:bread":48,"minecraft:gravel":3,"minecraft:andesite":12,"minecraft:oak_boat":18,"minecraft:flint_and_steel":1,"minecraft:spruce_planks":1,"minecraft:cooked_chicken":3,"minecraft:torch":160,"minecraft:dirt":230,"minecraft:anvil":1,"minecraft:cobblestone_wall":1,"minecraft:granite":24,"minecraft:iron_axe":414,"minecraft:oak_stairs":1,"minecraft:smooth_sandstone":8,"minecraft:jungle_log":2,"minecraft:iron_boots":4,"minecraft:goat_horn":6,"minecraft:cooked_beef":38,"minecraft:cobbled_deepslate":14,"minecraft:calcite":1,"minecraft:wheat_seeds":9,"minecraft:cooked_mutton":8,"minecraft:acacia_boat":1,"minecraft:water_bucket":106,"minecraft:lead":1,"minecraft:cherry_planks":1,"minecraft:cut_sandstone":4,"minecraft:cauldron":2,"minecraft:crafting_table":15,"minecraft:white_bed":13,"minecraft:smoker":6,"minecraft:diamond_pickaxe":423,"minecraft:suspicious_stew":1,"minecraft:iron_pickaxe":528,"minecraft:map":1,"minecraft:stone_axe":112,"minecraft:pink_petals":3,"minecraft:cobblestone":131,"minecraft:bucket":107,"minecraft:yellow_bed":2}},"DataVersion":3953}