{"stats":{"minecraft:dropped":{"minecraft:iron_ingot":1,"minecraft:saddle":1,"minecraft:stick":10,"minecraft:torch":1,"minecraft:melon_slice":30,"minecraft:iron_axe":1,"minecraft:iron_shovel":1},"minecraft:used":{"minecraft:iron_shovel":708,"minecraft:flint_and_steel":1,"minecraft:chest":11,"minecraft:shield":133,"minecraft:iron_sword":172,"minecraft:cooked_chicken":3,"minecraft:rotten_flesh":35,"minecraft:iron_chestplate":5,"minecraft:torch":65,"minecraft:dirt":29,"minecraft:tuff":1,"minecraft:granite":20,"minecraft:iron_axe":107,"minecraft:iron_boots":4,"minecraft:furnace":2,"minecraft:egg":6,"minecraft:cooked_beef":17,"minecraft:cobbled_deepslate":14,"minecraft:calcite":1,"minecraft:wheat_seeds":9,"minecraft:cooked_mutton":4,"minecraft:water_bucket":59,"minecraft:stone_pickaxe":132,"minecraft:oak_planks":60,"minecraft:wooden_pickaxe":7,"minecraft:sand":16,"minecraft:crafting_table":7,"minecraft:blast_furnace":1,"minecraft:white_bed":5,"minecraft:smoker":3,"minecraft:diamond_pickaxe":14,"minecraft:iron_pickaxe":498,"minecraft:bread":14,"minecraft:melon_slice":7,"minecraft:map":1,"minecraft:stone_axe":112,"minecraft:cobblestone":75,"minecraft:andesite":12,"minecraft:bucket":60,"minecraft:oak_boat":9},"minecraft:crafted":{"minecraft:oak_planks":128,"minecraft:smooth_stone":24,"minecraft:smooth_stone_slab":12,"minecraft:cooked_chicken":1,"minecraft:furnace":3,"minecraft:stone":30,"minecraft:cooked_mutton":4,"minecraft:glass":31,"minecraft:hopper":4,"minecraft:repeater":2,"minecraft:iron_boots":1,"minecraft:iron_axe":2,"minecraft:stone_pickaxe":1,"minecraft:chest":12,"minecraft:smoker":1,"minecraft:cooked_beef":16,"minecraft:crafting_table":2,"minecraft:wooden_pickaxe":1,"minecraft:iron_sword":2,"minecraft:bucket":1,"minecraft:birch_planks":20,"minecraft:stone_axe":1,"minecraft:air":0,"minecraft:jungle_planks":64,"minecraft:oak_boat":1,"minecraft:iron_chestplate":1,"minecraft:diamond_pickaxe":1,"minecraft:shield":2,"minecraft:stick":60,"minecraft:iron_ingot":140,"minecraft:iron_pickaxe":2,"minecraft:iron_block":22,"minecraft:iron_shovel":3,"minecraft:iron_leggings":1,"minecraft:white_bed":1,"minecraft:redstone_torch":4,"minecraft:torch":56},"minecraft:picked_up":{"minecraft:crafting_table":7,"minecraft:iron_chestplate":6,"minecraft:wheat":54,"minecraft:chicken":3,"minecraft:chest_minecart":5,"minecraft:lead":5,"minecraft:enchanted_book":1,"minecraft:shield":6,"minecraft:cornflower":5,"minecraft:string":74,"minecraft:raw_copper":45,"minecraft:iron_axe":6,"minecraft:flint_and_steel":4,"minecraft:iron_leggings":2,"minecraft:iron_shovel":1,"minecraft:activator_rail":7,"minecraft:cobbled_deepslate":35,"minecraft:detector_rail":6,"minecraft:bucket":2,"minecraft:beef":17,"minecraft:oak_boat":16,"minecraft:calcite":13,"minecraft:poppy":16,"minecraft:iron_pickaxe":7,"minecraft:melon_slice":39,"minecraft:chest":7,"minecraft:iron_boots":5,"minecraft:egg":16,"minecraft:stick":6,"minecraft:raw_iron":109,"minecraft:torch":57,"minecraft:redstone":210,"minecraft:iron_horse_armor":1,"minecraft:arrow":27,"minecraft:rotten_flesh":81,"minecraft:beetroot_seeds":6,"minecraft:saddle":1,"minecraft:mutton":5,"minecraft:cobblestone":520,"minecraft:rail":96,"minecraft:white_wool":10,"minecraft:oxeye_daisy":1,"minecraft:birch_log":5,"minecraft:feather":12,"minecraft:cooked_beef":2,"minecraft:water_bucket":2,"minecraft:andesite":43,"minecraft:jungle_log":16,"minecraft:leather":27,"minecraft:smoker":2,"minecraft:filled_map":1,"minecraft:tuff":5,"minecraft:oak_log":40,"minecraft:gunpowder":18,"minecraft:lapis_lazuli":19,"minecraft:dirt":769,"minecraft:name_tag":4,"minecraft:cooked_mutton":3,"minecraft:bone":36,"minecraft:kelp":8,"minecraft:wheat_seeds":262,"minecraft:raw_gold":15,"minecraft:iron_ingot":68,"minecraft:cooked_chicken":2,"minecraft:powered_rail":4,"minecraft:iron_sword":5,"minecraft:oak_planks":49,"minecraft:pumpkin":9,"minecraft:dandelion":11,"minecraft:sand":170,"minecraft:blast_furnace":1,"minecraft:white_bed":4,"minecraft:grass_block":2,"minecraft:spider_eye":6,"minecraft:mossy_cobblestone":2,"minecraft:pumpkin_seeds":10,"minecraft:diamond":9,"minecraft:stone_axe":9,"minecraft:granite":64,"minecraft:golden_apple":1,"minecraft:emerald":13,"minecraft:golden_horse_armor":1,"minecraft:bread":226,"minecraft:oak_sapling":10,"minecraft:melon_seeds":19,"minecraft:coal":253,"minecraft:ender_pearl":1,"minecraft:diamond_pickaxe":2},"minecraft:killed_by":{"minecraft:zombie":4},"minecraft:mined":{"minecraft:tuff":2,"minecraft:white_bed":4,"minecraft:mossy_cobblestone":2,"minecraft:deepslate_diamond_ore":3,"minecraft:granite":48,"minecraft:grass_block":684,"minecraft:jungle_log":16,"minecraft:iron_ore":70,"minecraft:fire":7,"minecraft:andesite":22,"minecraft:pumpkin":9,"minecraft:deepslate_lapis_ore":3,"minecraft:deepslate_iron_ore":3,"minecraft:vine":5,"minecraft:rail":2,"minecraft:stone":254,"minecraft:deepslate_redstone_ore":8,"minecraft:smoker":2,"minecraft:dandelion":2,"minecraft:crafting_table":5,"minecraft:torch":3,"minecraft:short_grass":122,"minecraft:blast_furnace":1,"minecraft:emerald_ore":3,"minecraft:calcite":6,"minecraft:melon":8,"minecraft:chest":8,"minecraft:tall_grass":6,"minecraft:copper_ore":11,"minecraft:cobblestone":24,"minecraft:deepslate_gold_ore":5,"minecraft:oak_planks":29,"minecraft:wall_torch":4,"minecraft:birch_log":5,"minecraft:wheat":11,"minecraft:oak_log":40,"minecraft:coal_ore":158,"minecraft:sand":10,"minecraft:dirt":34,"minecraft:cobweb":32,"minecraft:oak_leaves":25,"minecraft:deepslate":13,"minecraft:fern":3},"minecraft:killed":{"minecraft:cave_spider":4,"minecraft:spider":4,"minecraft:skeleton":8,"minecraft:chicken":3,"minecraft:iron_golem":1,"minecraft:wandering_trader":1,"minecraft:creeper":1,"minecraft:sheep":3,"minecraft:trader_llama":2,"minecraft:zombie":22,"minecraft:cow":9,"minecraft:enderman":1},"minecraft:broken":{"minecraft:iron_shovel":3,"minecraft:stone_pickaxe":1,"minecraft:iron_pickaxe":2},"minecraft:custom":{"minecraft:mob_kills":63,"minecraft:interact_with_crafting_table":42,"minecraft:bell_ring":1,"minecraft:leave_game":10,"minecraft:time_since_death":46551,"minecraft:climb_one_cm":1592,"minecraft:sprint_one_cm":719504,"minecraft:walk_one_cm":466918,"minecraft:damage_blocked_by_shield":2251,"minecraft:drop":8,"minecraft:talked_to_villager":2,"minecraft:play_time":332329,"minecraft:sneak_time":7261,"minecraft:deaths":9,"minecraft:walk_under_water_one_cm":55760,"minecraft:boat_one_cm":515668,"minecraft:jump":5116,"minecraft:interact_with_blast_furnace":30,"minecraft:walk_on_water_one_cm":105593,"minecraft:total_world_time":332329,"minecraft:interact_with_furnace":16,"minecraft:sleep_in_bed":20,"minecraft:time_since_rest":10992,"minecraft:damage_taken":4717,"minecraft:damage_dealt":11980,"minecraft:swim_one_cm":96807,"minecraft:fly_one_cm":800209,"minecraft:open_chest":250,"minecraft:crouch_one_cm":12049,"minecraft:interact_with_smoker":20,"minecraft:fall_one_cm":136086,"minecraft:horse_one_cm":261787}},"DataVersion":3953}