{"stats":{"minecraft:dropped":{"minecraft:water_bucket":1,"minecraft:iron_ingot":1,"minecraft:saddle":1,"minecraft:stick":10,"minecraft:torch":1,"minecraft:melon_slice":63,"minecraft:dead_bush":1,"minecraft:iron_axe":2,"minecraft:iron_pickaxe":2,"minecraft:iron_shovel":3,"minecraft:bone":1,"minecraft:shield":2,"minecraft:iron_chestplate":1},"minecraft:used":{"minecraft:iron_shovel":709,"minecraft:flint_and_steel":1,"minecraft:chest":12,"minecraft:shield":136,"minecraft:iron_sword":183,"minecraft:cooked_chicken":3,"minecraft:rotten_flesh":39,"minecraft:iron_chestplate":6,"minecraft:torch":66,"minecraft:dirt":29,"minecraft:cobblestone_wall":1,"minecraft:tuff":1,"minecraft:granite":20,"minecraft:iron_axe":156,"minecraft:smooth_sandstone":8,"minecraft:iron_boots":4,"minecraft:furnace":2,"minecraft:egg":6,"minecraft:cooked_beef":19,"minecraft:cobbled_deepslate":14,"minecraft:calcite":1,"minecraft:wheat_seeds":9,"minecraft:cooked_mutton":4,"minecraft:water_bucket":65,"minecraft:stone_pickaxe":132,"minecraft:oak_planks":88,"minecraft:wooden_pickaxe":7,"minecraft:cut_sandstone":4,"minecraft:sand":24,"minecraft:crafting_table":7,"minecraft:blast_furnace":1,"minecraft:white_bed":6,"minecraft:smoker":3,"minecraft:diamond_pickaxe":46,"minecraft:iron_pickaxe":498,"minecraft:bread":15,"minecraft:melon_slice":29,"minecraft:map":1,"minecraft:stone_axe":112,"minecraft:cobblestone":86,"minecraft:andesite":12,"minecraft:bucket":66,"minecraft:oak_boat":12},"minecraft:crafted":{"minecraft:smooth_stone":24,"minecraft:oak_planks":156,"minecraft:smooth_stone_slab":12,"minecraft:cooked_chicken":1,"minecraft:furnace":3,"minecraft:stone":30,"minecraft:cooked_mutton":4,"minecraft:glass":31,"minecraft:hopper":4,"minecraft:repeater":2,"minecraft:iron_boots":1,"minecraft:iron_axe":2,"minecraft:stone_pickaxe":1,"minecraft:cobblestone_wall":6,"minecraft:chest":12,"minecraft:copper_block":4,"minecraft:smoker":1,"minecraft:cooked_beef":16,"minecraft:crafting_table":2,"minecraft:wooden_pickaxe":1,"minecraft:iron_sword":2,"minecraft:copper_ingot":31,"minecraft:bucket":1,"minecraft:birch_planks":20,"minecraft:stone_axe":1,"minecraft:air":0,"minecraft:jungle_planks":64,"minecraft:oak_boat":1,"minecraft:iron_chestplate":1,"minecraft:diamond_pickaxe":1,"minecraft:shield":2,"minecraft:stick":60,"minecraft:iron_ingot":140,"minecraft:iron_pickaxe":2,"minecraft:iron_block":22,"minecraft:iron_shovel":3,"minecraft:iron_leggings":1,"minecraft:white_bed":1,"minecraft:redstone_torch":4,"minecraft:torch":56},"minecraft:picked_up":{"minecraft:crafting_table":9,"minecraft:iron_chestplate":8,"minecraft:wheat":67,"minecraft:sandstone_slab":1,"minecraft:chicken":3,"minecraft:flower_pot":2,"minecraft:chest_minecart":5,"minecraft:lead":9,"minecraft:enchanted_book":1,"minecraft:shield":10,"minecraft:cornflower":5,"minecraft:string":74,"minecraft:raw_copper":45,"minecraft:iron_axe":8,"minecraft:smooth_stone_slab":16,"minecraft:flint_and_steel":4,"minecraft:iron_leggings":2,"minecraft:white_carpet":3,"minecraft:iron_shovel":4,"minecraft:activator_rail":7,"minecraft:cobbled_deepslate":35,"minecraft:smooth_stone":18,"minecraft:detector_rail":6,"minecraft:bucket":2,"minecraft:beef":17,"minecraft:oak_boat":20,"minecraft:calcite":13,"minecraft:poppy":16,"minecraft:iron_pickaxe":9,"minecraft:melon_slice":62,"minecraft:sugar_cane":1,"minecraft:chest":10,"minecraft:iron_boots":5,"minecraft:egg":24,"minecraft:stick":17,"minecraft:raw_iron":111,"minecraft:jungle_door":2,"minecraft:torch":83,"minecraft:cherry_log":29,"minecraft:redstone":216,"minecraft:iron_horse_armor":1,"minecraft:cactus":1,"minecraft:arrow":32,"minecraft:rotten_flesh":85,"minecraft:beetroot_seeds":6,"minecraft:hay_block":22,"minecraft:saddle":1,"minecraft:mutton":5,"minecraft:rail":96,"minecraft:white_wool":10,"minecraft:cobblestone":535,"minecraft:oxeye_daisy":1,"minecraft:birch_log":5,"minecraft:feather":12,"minecraft:cooked_beef":2,"minecraft:repeater":2,"minecraft:water_bucket":5,"minecraft:andesite":43,"minecraft:jungle_log":16,"minecraft:cut_sandstone":4,"minecraft:leather":27,"minecraft:smoker":3,"minecraft:filled_map":1,"minecraft:flint":1,"minecraft:tuff":5,"minecraft:smooth_sandstone_stairs":2,"minecraft:oak_log":46,"minecraft:cobblestone_wall":6,"minecraft:gunpowder":18,"minecraft:lapis_lazuli":19,"minecraft:dirt":771,"minecraft:name_tag":4,"minecraft:smooth_sandstone":8,"minecraft:cooked_mutton":3,"minecraft:bone":38,"minecraft:glass":31,"minecraft:kelp":13,"minecraft:wheat_seeds":263,"minecraft:raw_gold":15,"minecraft:iron_ingot":70,"minecraft:cooked_chicken":2,"minecraft:powered_rail":4,"minecraft:iron_sword":6,"minecraft:oak_planks":49,"minecraft:pumpkin":9,"minecraft:gravel":3,"minecraft:dandelion":11,"minecraft:lava_bucket":1,"minecraft:sand":180,"minecraft:blast_furnace":1,"minecraft:dead_bush":2,"minecraft:white_bed":5,"minecraft:grass_block":2,"minecraft:spider_eye":6,"minecraft:mossy_cobblestone":2,"minecraft:pumpkin_seeds":10,"minecraft:diamond":9,"minecraft:stone_axe":9,"minecraft:granite":64,"minecraft:cherry_sapling":2,"minecraft:golden_apple":1,"minecraft:emerald":13,"minecraft:golden_horse_armor":1,"minecraft:bread":236,"minecraft:terracotta":2,"minecraft:oak_sapling":11,"minecraft:melon_seeds":19,"minecraft:coal":266,"minecraft:hopper":4,"minecraft:ender_pearl":1,"minecraft:diamond_pickaxe":3},"minecraft:killed_by":{"minecraft:player":1,"minecraft:zombie":4},"minecraft:mined":{"minecraft:tuff":2,"minecraft:white_bed":5,"minecraft:mossy_cobblestone":2,"minecraft:deepslate_diamond_ore":3,"minecraft:cherry_log":29,"minecraft:potted_cactus":1,"minecraft:granite":48,"minecraft:grass_block":684,"minecraft:jungle_log":16,"minecraft:hay_block":22,"minecraft:iron_ore":70,"minecraft:fire":7,"minecraft:andesite":22,"minecraft:pumpkin":9,"minecraft:deepslate_lapis_ore":3,"minecraft:deepslate_iron_ore":3,"minecraft:vine":5,"minecraft:rail":2,"minecraft:stone":267,"minecraft:sandstone_slab":1,"minecraft:deepslate_redstone_ore":8,"minecraft:cut_sandstone":2,"minecraft:jungle_door":1,"minecraft:smoker":3,"minecraft:dandelion":2,"minecraft:smooth_sandstone":7,"minecraft:crafting_table":6,"minecraft:torch":3,"minecraft:short_grass":125,"minecraft:blast_furnace":1,"minecraft:emerald_ore":3,"minecraft:calcite":6,"minecraft:melon":8,"minecraft:chest":9,"minecraft:tall_grass":6,"minecraft:copper_ore":11,"minecraft:cobblestone":24,"minecraft:deepslate_gold_ore":5,"minecraft:sugar_cane":1,"minecraft:oak_planks":29,"minecraft:wall_torch":5,"minecraft:cobblestone_wall":1,"minecraft:birch_log":5,"minecraft:wheat":11,"minecraft:white_carpet":1,"minecraft:smooth_stone_slab":2,"minecraft:oak_log":43,"minecraft:coal_ore":158,"minecraft:cherry_leaves":8,"minecraft:sand":14,"minecraft:dirt":34,"minecraft:cobweb":32,"minecraft:terracotta":2,"minecraft:oak_leaves":25,"minecraft:deepslate":13,"minecraft:fern":3},"minecraft:killed":{"minecraft:cave_spider":4,"minecraft:spider":4,"minecraft:skeleton":8,"minecraft:chicken":3,"minecraft:iron_golem":1,"minecraft:wandering_trader":1,"minecraft:creeper":1,"minecraft:sheep":3,"minecraft:trader_llama":2,"minecraft:zombie":23,"minecraft:cow":9,"minecraft:enderman":1},"minecraft:broken":{"minecraft:iron_shovel":3,"minecraft:stone_pickaxe":1,"minecraft:iron_pickaxe":2},"minecraft:custom":{"minecraft:mob_kills":64,"minecraft:interact_with_crafting_table":44,"minecraft:bell_ring":1,"minecraft:leave_game":12,"minecraft:time_since_death":41531,"minecraft:climb_one_cm":1592,"minecraft:sprint_one_cm":866125,"minecraft:walk_one_cm":548130,"minecraft:damage_blocked_by_shield":2441,"minecraft:drop":20,"minecraft:talked_to_villager":2,"minecraft:play_time":390955,"minecraft:sneak_time":8766,"minecraft:deaths":10,"minecraft:walk_under_water_one_cm":58620,"minecraft:boat_one_cm":892598,"minecraft:jump":6156,"minecraft:interact_with_blast_furnace":31,"minecraft:walk_on_water_one_cm":109096,"minecraft:total_world_time":390955,"minecraft:interact_with_furnace":18,"minecraft:sleep_in_bed":24,"minecraft:time_since_rest":9530,"minecraft:damage_taken":5459,"minecraft:damage_dealt":12916,"minecraft:player_kills":1,"minecraft:swim_one_cm":109186,"minecraft:fly_one_cm":1018267,"minecraft:open_chest":341,"minecraft:crouch_one_cm":16425,"minecraft:interact_with_smoker":20,"minecraft:fall_one_cm":160592,"minecraft:horse_one_cm":312363}},"DataVersion":3953}