{"stats":{"minecraft:mined":{"minecraft:grass_block":3,"minecraft:oak_log":6,"minecraft:dirt":3,"minecraft:stone":5},"minecraft:crafted":{"minecraft:oak_planks":24,"minecraft:crafting_table":1,"minecraft:stick":8,"minecraft:wooden_pickaxe":1,"minecraft:stone_pickaxe":1,"minecraft:stone_sword":1},"minecraft:killed_by":{"minecraft:zombie":1},"minecraft:picked_up":{"minecraft:stick":7,"minecraft:crafting_table":1,"minecraft:chicken":1,"minecraft:leather":11,"minecraft:lead":2,"minecraft:wooden_pickaxe":1,"minecraft:porkchop":5,"minecraft:oak_log":6,"minecraft:cherry_log":20,"minecraft:shield":1,"minecraft:string":1,"minecraft:dirt":3,"minecraft:arrow":3,"minecraft:bone":7,"minecraft:rotten_flesh":5,"minecraft:acacia_planks":7,"minecraft:wheat_seeds":4,"minecraft:beef":19,"minecraft:stone_pickaxe":1,"minecraft:melon_slice":18,"minecraft:black_wool":1,"minecraft:cobblestone":5},"minecraft:custom":{"minecraft:time_since_rest":1253,"minecraft:sprint_one_cm":16270,"minecraft:damage_taken":294,"minecraft:walk_one_cm":16106,"minecraft:mob_kills":3,"minecraft:drop":1,"minecraft:damage_dealt":750,"minecraft:interact_with_crafting_table":5,"minecraft:fly_one_cm":20902,"minecraft:crouch_one_cm":31,"minecraft:play_time":12434,"minecraft:deaths":1,"minecraft:sneak_time":49,"minecraft:jump":112,"minecraft:leave_game":2,"minecraft:time_since_death":1190,"minecraft:sleep_in_bed":2,"minecraft:total_world_time":12434,"minecraft:fall_one_cm":476},"minecraft:used":{"minecraft:stone_sword":7,"minecraft:wooden_pickaxe":33,"minecraft:crafting_table":1},"minecraft:dropped":{"minecraft:wooden_pickaxe":1},"minecraft:killed":{"minecraft:zombie":2,"minecraft:spider":1}},"DataVersion":3953}