{"stats":{"minecraft:mined":{"minecraft:tuff":14,"minecraft:cherry_planks":2,"minecraft:cherry_log":46,"minecraft:crafting_table":1,"minecraft:grass_block":7,"minecraft:cherry_wall_sign":1,"minecraft:furnace":1,"minecraft:iron_ore":18,"minecraft:oak_log":12,"minecraft:deepslate_iron_ore":21,"minecraft:cherry_leaves":2,"minecraft:dirt":7,"minecraft:stone":14,"minecraft:deepslate":30},"minecraft:crafted":{"minecraft:cherry_planks":256,"minecraft:oak_planks":24,"minecraft:crafting_table":1,"minecraft:wooden_pickaxe":1,"minecraft:furnace":1,"minecraft:bucket":1,"minecraft:stone_axe":1,"minecraft:air":0,"minecraft:iron_chestplate":2,"minecraft:cherry_sign":3,"minecraft:stick":12,"minecraft:iron_ingot":24,"minecraft:iron_pickaxe":1,"minecraft:stone_pickaxe":1,"minecraft:stone_sword":2,"minecraft:chest":2,"minecraft:cherry_door":3,"minecraft:stone_hoe":1},"minecraft:killed_by":{"minecraft:skeleton":1,"minecraft:creeper":1,"minecraft:zombie":1},"minecraft:picked_up":{"minecraft:iron_chestplate":5,"minecraft:crafting_table":4,"minecraft:cooked_beef":2,"minecraft:glow_ink_sac":3,"minecraft:chicken":1,"minecraft:cherry_planks":38,"minecraft:water_bucket":3,"minecraft:leather":11,"minecraft:lead":2,"minecraft:wooden_pickaxe":1,"minecraft:tuff":34,"minecraft:oak_log":12,"minecraft:shield":1,"minecraft:dirt":13,"minecraft:string":1,"minecraft:bone":12,"minecraft:acacia_planks":7,"minecraft:wheat_seeds":4,"minecraft:cobbled_deepslate":36,"minecraft:bucket":2,"minecraft:iron_ingot":13,"minecraft:beef":19,"minecraft:stone_pickaxe":3,"minecraft:cherry_sign":2,"minecraft:iron_pickaxe":2,"minecraft:melon_slice":18,"minecraft:egg":2,"minecraft:furnace":3,"minecraft:stick":11,"minecraft:raw_iron":66,"minecraft:porkchop":5,"minecraft:cherry_log":64,"minecraft:stone_sword":2,"minecraft:arrow":14,"minecraft:rotten_flesh":6,"minecraft:stone_axe":2,"minecraft:cherry_sapling":2,"minecraft:black_wool":1,"minecraft:cobblestone":24},"minecraft:custom":{"minecraft:interact_with_furnace":22,"minecraft:mob_kills":6,"minecraft:interact_with_crafting_table":25,"minecraft:leave_game":2,"minecraft:time_since_death":2945,"minecraft:sleep_in_bed":3,"minecraft:time_since_rest":2972,"minecraft:sprint_one_cm":82605,"minecraft:damage_taken":1149,"minecraft:walk_one_cm":53561,"minecraft:drop":2,"minecraft:damage_dealt":1534,"minecraft:swim_one_cm":16106,"minecraft:fly_one_cm":112291,"minecraft:open_chest":7,"minecraft:crouch_one_cm":5512,"minecraft:play_time":48434,"minecraft:deaths":3,"minecraft:sneak_time":2509,"minecraft:walk_under_water_one_cm":8268,"minecraft:jump":642,"minecraft:walk_on_water_one_cm":54558,"minecraft:total_world_time":48434,"minecraft:fall_one_cm":14635},"minecraft:broken":{"minecraft:stone_hoe":1},"minecraft:used":{"minecraft:stone_sword":21,"minecraft:stone_pickaxe":96,"minecraft:chest":2,"minecraft:wooden_pickaxe":33,"minecraft:cherry_planks":32,"minecraft:stone_hoe":131,"minecraft:rotten_flesh":1,"minecraft:iron_chestplate":1,"minecraft:dirt":2,"minecraft:crafting_table":1,"minecraft:tuff":1,"minecraft:cherry_door":1,"minecraft:melon_slice":9,"minecraft:iron_pickaxe":1,"minecraft:cherry_sign":5,"minecraft:stone_axe":62,"minecraft:cobblestone":1,"minecraft:furnace":1,"minecraft:cooked_beef":2,"minecraft:cobbled_deepslate":8},"minecraft:dropped":{"minecraft:iron_chestplate":1,"minecraft:wooden_pickaxe":1},"minecraft:killed":{"minecraft:spider":1,"minecraft:skeleton":3,"minecraft:zombie":2}},"DataVersion":3953}