{"stats":{"minecraft:mined":{"minecraft:tuff":14,"minecraft:cherry_planks":2,"minecraft:cherry_log":46,"minecraft:grass_block":7,"minecraft:cherry_wall_sign":1,"minecraft:iron_ore":10,"minecraft:oak_log":12,"minecraft:deepslate_iron_ore":21,"minecraft:cherry_leaves":2,"minecraft:dirt":5,"minecraft:stone":13,"minecraft:deepslate":22},"minecraft:crafted":{"minecraft:cherry_planks":256,"minecraft:oak_planks":24,"minecraft:crafting_table":1,"minecraft:wooden_pickaxe":1,"minecraft:furnace":1,"minecraft:bucket":1,"minecraft:stone_axe":1,"minecraft:air":0,"minecraft:iron_chestplate":2,"minecraft:cherry_sign":3,"minecraft:stick":12,"minecraft:iron_ingot":24,"minecraft:iron_pickaxe":1,"minecraft:stone_pickaxe":1,"minecraft:stone_sword":2,"minecraft:chest":2,"minecraft:cherry_door":3,"minecraft:stone_hoe":1},"minecraft:killed_by":{"minecraft:zombie":1},"minecraft:picked_up":{"minecraft:iron_chestplate":1,"minecraft:crafting_table":1,"minecraft:cooked_beef":2,"minecraft:chicken":1,"minecraft:cherry_planks":32,"minecraft:water_bucket":1,"minecraft:leather":11,"minecraft:lead":2,"minecraft:wooden_pickaxe":1,"minecraft:tuff":12,"minecraft:oak_log":12,"minecraft:shield":1,"minecraft:dirt":7,"minecraft:string":1,"minecraft:bone":9,"minecraft:acacia_planks":7,"minecraft:wheat_seeds":4,"minecraft:cobbled_deepslate":20,"minecraft:beef":19,"minecraft:stone_pickaxe":1,"minecraft:cherry_sign":2,"minecraft:melon_slice":18,"minecraft:stick":7,"minecraft:raw_iron":31,"minecraft:porkchop":5,"minecraft:cherry_log":64,"minecraft:arrow":4,"minecraft:rotten_flesh":5,"minecraft:cherry_sapling":2,"minecraft:black_wool":1,"minecraft:cobblestone":13},"minecraft:custom":{"minecraft:interact_with_furnace":22,"minecraft:mob_kills":4,"minecraft:interact_with_crafting_table":25,"minecraft:leave_game":2,"minecraft:time_since_death":25190,"minecraft:sleep_in_bed":3,"minecraft:time_since_rest":21870,"minecraft:sprint_one_cm":58060,"minecraft:damage_taken":541,"minecraft:walk_one_cm":44665,"minecraft:drop":2,"minecraft:damage_dealt":1134,"minecraft:swim_one_cm":279,"minecraft:fly_one_cm":50272,"minecraft:open_chest":7,"minecraft:crouch_one_cm":5193,"minecraft:play_time":36434,"minecraft:deaths":1,"minecraft:sneak_time":2434,"minecraft:walk_under_water_one_cm":3521,"minecraft:jump":316,"minecraft:walk_on_water_one_cm":15885,"minecraft:total_world_time":36434,"minecraft:fall_one_cm":3861},"minecraft:broken":{"minecraft:stone_hoe":1},"minecraft:used":{"minecraft:stone_sword":16,"minecraft:stone_pickaxe":77,"minecraft:chest":2,"minecraft:wooden_pickaxe":33,"minecraft:cherry_planks":32,"minecraft:stone_hoe":131,"minecraft:dirt":2,"minecraft:crafting_table":1,"minecraft:cherry_door":1,"minecraft:melon_slice":9,"minecraft:cherry_sign":5,"minecraft:stone_axe":58,"minecraft:cobblestone":1,"minecraft:furnace":1,"minecraft:cooked_beef":2,"minecraft:cobbled_deepslate":8},"minecraft:dropped":{"minecraft:iron_chestplate":1,"minecraft:wooden_pickaxe":1},"minecraft:killed":{"minecraft:spider":1,"minecraft:skeleton":1,"minecraft:zombie":2}},"DataVersion":3953}